CREDITRATING,BalanceCheque,Loan_NurnMonth,CreditHistory,CreditAmt,SavingsBalance,Mths_employ,PersonStatusSex,PresentResidence,Property,AgeInYears,OtherInstPlans,NumCreditsThisBank,NumPplLiablMaint,Telephone,ForeignWorker,Purpose_CarNew,Purpose_CarOld,otherdebtor_noneVsGuar,otherdebt_coapplVsGuar,house_rentVsFree,house_ownsVsFree,job_unemployedVsMgt,jobs_unskilledVsMgt,job_skilledVsMgt
0,0,6,4,12,4,5,2,4,0,67,2,2,1,1,0,0,0,1,0,0,1,0,0,1
1,1,48,1,60,0,3,1,2,0,22,2,1,1,0,0,0,0,1,0,0,1,0,0,1
0,3,12,4,21,0,4,2,3,0,49,2,1,2,0,0,0,0,1,0,0,1,0,1,0
0,0,42,1,79,0,4,2,4,1,45,2,1,2,0,0,0,0,0,0,0,0,0,0,1
1,0,24,3,49,0,3,2,4,3,53,2,2,2,0,0,1,0,1,0,0,0,0,0,1
0,3,36,1,91,4,3,2,4,3,35,2,1,2,1,0,0,0,1,0,0,0,0,1,0
0,3,24,1,28,2,5,2,4,1,53,2,1,1,0,0,0,0,1,0,0,1,0,0,1
0,1,36,1,69,0,3,2,2,2,35,2,1,1,1,0,0,1,1,0,1,0,0,0,0
0,3,12,1,31,3,4,0,4,0,61,2,1,1,0,0,0,0,1,0,0,1,0,1,0
1,1,30,4,52,0,1,3,2,2,28,2,2,1,0,0,1,0,1,0,0,1,0,0,0
1,1,12,1,13,0,2,1,1,2,25,2,1,1,0,0,1,0,1,0,1,0,0,0,1
1,0,48,1,43,0,2,1,4,1,24,2,1,1,0,0,0,0,1,0,1,0,0,0,1
0,1,12,1,16,0,3,1,1,2,22,2,1,1,1,0,0,0,1,0,0,1,0,0,1
1,0,24,4,12,0,5,2,4,2,60,2,2,1,0,0,1,0,1,0,0,1,0,1,0
0,0,15,1,14,0,3,1,4,2,28,2,1,1,0,0,1,0,1,0,1,0,0,0,1
1,0,24,1,13,1,3,1,2,2,32,2,1,1,0,0,0,0,1,0,0,1,0,1,0
0,3,24,4,24,4,5,2,4,1,53,2,2,1,0,0,0,0,1,0,0,1,0,0,1
0,0,30,2,81,4,2,2,3,2,25,0,3,1,0,0,0,0,1,0,0,1,0,0,1
1,1,24,1,126,0,5,1,2,3,44,2,1,1,1,0,0,1,1,0,0,0,0,0,0
0,3,24,1,34,2,5,2,2,2,31,2,1,2,1,0,0,0,1,0,0,1,0,0,1
0,3,9,4,21,0,3,2,4,2,48,2,3,1,1,0,1,0,1,0,0,1,0,0,1
0,0,6,1,26,2,3,2,3,0,44,2,1,2,0,0,0,0,1,0,1,0,0,0,1
0,0,10,4,22,0,2,2,3,0,48,2,2,2,0,1,1,0,1,0,1,0,0,1,0
0,1,12,4,18,1,2,2,4,1,44,2,1,1,0,0,0,1,1,0,0,1,0,0,1
0,3,10,4,21,4,3,3,1,2,26,2,2,1,0,1,0,0,1,0,0,1,0,0,1
0,0,6,1,14,0,3,2,2,0,36,0,1,1,1,0,0,0,1,0,0,1,0,1,0
0,3,6,2,4,0,5,3,4,2,39,2,1,1,0,0,0,0,1,0,0,1,0,1,0
0,2,12,0,4,3,3,1,3,0,42,2,2,1,0,0,0,0,1,0,1,0,0,0,1
0,1,7,1,24,0,3,2,2,0,34,2,1,1,0,0,0,0,0,0,0,1,0,0,1
1,0,60,3,68,0,5,2,4,3,63,2,2,1,1,0,0,0,1,0,0,1,0,0,1
0,1,18,1,19,3,2,3,3,0,36,0,1,1,1,0,0,0,1,0,0,1,0,0,1
0,0,24,1,40,0,3,2,2,2,27,1,1,1,0,0,0,0,1,0,0,1,0,0,1
0,1,18,1,59,1,3,2,2,2,30,2,2,1,1,0,1,0,1,0,0,1,0,0,1
0,3,12,4,13,4,5,2,4,3,57,2,1,1,0,0,0,0,1,0,1,0,0,1,0
0,2,12,1,15,0,2,1,1,1,33,0,1,1,1,0,0,0,1,0,0,1,0,0,0
1,1,45,4,47,0,2,2,2,1,25,2,2,1,0,0,0,0,1,0,0,1,0,1,0
0,3,48,4,61,0,3,2,3,3,31,0,1,1,1,0,0,0,1,0,0,0,0,0,1
1,2,18,1,21,0,3,2,2,0,37,1,1,1,0,0,0,0,0,1,0,1,0,0,1
0,2,10,1,12,0,3,2,2,2,37,2,1,1,1,0,0,0,1,0,0,1,0,0,1
0,1,9,1,5,0,3,2,3,0,24,2,1,1,0,0,0,0,1,0,0,1,0,0,1
0,3,30,1,23,2,5,2,2,2,30,0,1,1,0,0,0,0,1,0,0,1,0,0,0
0,1,12,1,12,2,3,0,1,2,26,2,1,1,1,0,0,0,1,0,0,1,0,0,1
0,1,18,3,62,0,3,2,4,0,44,2,1,2,1,0,0,0,1,0,0,1,0,1,0
0,0,30,4,62,1,4,3,4,2,24,2,2,1,0,0,0,1,1,0,1,0,0,0,1
1,0,48,4,61,0,5,1,4,3,58,1,2,1,0,0,0,1,1,0,0,0,0,1,0
0,3,11,4,14,0,2,1,4,2,35,2,2,1,0,0,1,0,1,0,0,1,0,0,0
0,3,36,1,23,2,5,2,4,2,39,2,1,1,0,0,0,0,1,0,0,1,0,0,1
0,0,6,1,14,2,1,1,2,1,23,2,1,1,1,0,0,1,1,0,1,0,1,0,0
0,3,11,4,72,0,3,2,4,1,39,2,2,1,0,0,1,0,1,0,0,1,0,1,0
0,3,12,1,21,1,3,1,2,0,28,2,1,1,0,0,0,0,0,1,0,1,0,0,1
0,1,24,3,23,4,2,2,2,1,29,0,1,1,0,0,0,0,1,0,0,1,0,1,0
0,1,27,3,60,0,5,2,2,2,30,2,2,1,1,0,0,1,1,0,0,1,0,0,0
0,3,12,1,13,0,3,2,2,2,25,2,1,1,0,0,0,0,1,0,0,1,0,0,1
0,3,18,1,34,4,3,2,1,1,31,2,1,1,1,0,0,1,1,0,0,1,0,0,1
1,1,36,3,22,0,5,2,4,3,57,0,2,1,1,0,1,0,1,0,0,0,0,0,1
0,3,6,0,8,4,3,2,2,0,26,1,1,2,0,0,1,0,0,0,0,1,0,1,0
1,1,12,1,65,4,1,2,1,3,52,2,1,1,1,0,0,0,1,0,0,1,0,0,0
0,3,36,4,96,0,3,1,2,2,31,1,2,1,0,0,0,0,1,0,0,1,0,0,1
0,2,18,1,20,0,5,1,2,2,23,2,1,1,0,0,1,0,1,0,0,1,0,0,0
1,0,36,4,62,0,2,1,4,3,23,2,2,1,1,0,0,0,0,1,1,0,0,1,0
0,1,9,1,14,0,3,3,1,0,27,0,1,1,1,0,0,0,1,0,0,1,0,0,1
0,1,15,4,15,4,5,2,4,0,50,2,2,1,1,0,0,0,0,0,0,1,0,0,1
1,1,36,2,20,0,5,2,4,3,61,2,1,1,1,0,0,0,1,0,0,0,0,0,0
1,1,48,2,144,0,3,2,2,2,25,2,1,1,1,0,0,0,1,0,0,1,0,0,1
0,3,24,1,32,0,2,1,4,1,26,2,1,1,1,0,0,0,1,0,0,1,0,0,1
0,3,27,1,52,4,5,2,4,1,48,2,4,2,1,0,0,0,1,0,0,1,0,0,1
0,3,12,1,22,0,2,1,2,2,29,0,1,1,0,0,0,0,1,0,0,1,0,0,1
0,1,12,1,10,3,3,3,1,0,22,2,1,1,0,0,1,0,1,0,0,1,0,0,1
1,3,36,1,18,0,3,2,4,3,37,1,1,1,1,0,0,0,1,0,0,0,0,0,1
0,3,36,1,24,4,3,1,4,2,25,2,1,1,0,0,0,0,1,0,0,1,0,0,1
0,3,36,1,81,0,3,1,2,1,30,0,1,1,0,0,0,1,1,0,0,1,0,0,1
0,3,7,4,7,4,5,2,2,1,46,2,2,1,1,0,0,0,1,0,1,0,0,1,0
0,0,8,4,12,0,5,2,4,3,51,0,2,2,1,0,0,0,1,0,0,0,0,0,0
0,1,42,4,60,0,4,1,1,0,41,0,2,1,0,0,0,0,1,0,0,1,0,1,0
1,0,36,1,20,4,5,2,4,3,40,2,1,1,1,0,0,0,1,0,0,1,0,0,0
0,0,12,4,15,0,5,2,4,3,66,2,2,1,0,0,0,1,1,0,0,0,0,0,0
1,0,42,1,40,0,2,2,3,2,34,2,1,1,0,0,0,0,1,0,0,1,0,0,1
0,1,11,3,48,0,4,2,4,1,51,2,1,1,0,0,0,0,1,0,0,1,0,0,1
0,3,54,2,94,4,3,2,2,1,39,2,1,2,0,0,0,1,1,0,0,1,0,1,0
0,1,30,1,38,0,2,3,1,1,22,2,1,1,0,0,0,0,1,0,0,1,0,0,1
1,3,24,1,59,4,2,1,1,2,44,2,2,1,1,0,0,0,1,0,0,1,0,0,1
0,3,15,1,12,2,5,2,3,1,47,1,1,1,1,0,0,0,1,0,0,1,0,0,1
0,3,18,1,16,1,3,1,4,1,24,2,1,1,0,0,0,0,1,0,1,0,0,1,0
0,0,24,1,18,0,5,1,4,0,58,2,1,1,1,0,0,0,0,0,0,1,0,1,0
0,0,10,1,23,0,5,2,4,0,52,2,1,1,0,0,0,0,1,0,0,1,0,1,0
0,3,12,4,14,0,3,1,2,0,29,2,2,1,1,0,0,0,0,0,0,1,0,0,0
0,1,18,4,13,0,2,1,1,1,27,2,2,1,0,0,0,0,1,0,0,1,0,0,1
1,1,36,1,126,1,3,2,4,3,47,2,1,2,1,0,0,0,1,0,0,0,0,0,1
0,0,18,1,22,1,4,2,3,2,30,2,1,2,1,0,1,0,1,0,0,1,0,0,0
1,0,12,2,11,0,4,2,3,0,28,2,2,1,0,0,0,0,1,0,0,1,0,0,1
0,3,12,4,6,0,5,2,4,0,56,2,1,1,0,0,0,0,1,0,0,1,0,0,1
0,0,12,4,14,0,5,2,3,0,54,2,1,1,0,0,0,1,1,0,0,1,0,0,1
1,3,12,4,8,4,5,1,3,1,33,0,1,2,0,0,0,0,1,0,0,1,0,1,0
0,2,24,4,36,4,5,2,4,3,20,2,2,1,0,0,0,0,0,1,1,0,0,0,1
0,1,12,1,13,3,5,2,4,0,54,2,1,1,1,0,1,0,1,0,0,1,0,0,1
1,1,54,2,159,0,2,2,4,3,58,2,1,1,1,0,0,0,1,0,1,0,0,0,1
0,3,12,4,20,4,4,1,2,2,61,2,1,1,0,0,0,0,1,0,0,1,0,0,1
0,1,18,1,26,1,3,2,4,2,34,2,1,1,0,0,0,0,1,0,0,1,0,0,1
0,1,36,4,23,0,5,2,4,0,36,2,1,1,0,0,0,0,1,0,0,1,0,0,1
0,1,20,3,71,4,4,2,4,1,36,0,2,2,1,0,0,1,1,0,1,0,0,0,0
0,3,24,1,15,1,5,3,4,0,41,2,1,1,0,0,1,0,1,0,1,0,0,1,0
0,1,36,1,23,0,4,2,4,2,24,2,1,1,0,0,0,0,1,0,1,0,0,0,1
0,3,6,3,9,0,3,1,2,0,24,2,1,1,0,0,0,0,1,0,0,1,0,0,1
0,1,9,4,19,0,4,2,3,2,35,2,1,1,1,0,0,0,1,0,1,0,0,0,1
0,3,12,1,24,4,2,3,4,2,26,2,1,1,1,0,0,1,1,0,1,0,0,0,1
1,1,24,4,119,0,3,2,3,2,39,2,2,2,1,0,0,0,0,1,0,1,0,0,0
1,3,18,0,65,0,5,2,4,3,39,0,2,2,1,0,1,0,1,0,0,1,0,0,0
0,1,12,1,61,0,4,2,2,2,32,2,1,1,0,0,1,0,1,0,0,1,0,0,1
0,0,24,1,77,4,2,1,2,1,30,2,1,1,1,1,0,0,1,0,0,1,0,0,1
0,1,14,1,14,2,5,3,2,0,35,2,1,1,1,0,0,0,1,0,0,1,0,0,1
0,1,6,3,14,1,5,0,2,2,31,0,2,2,0,0,0,0,1,0,0,1,0,0,1
0,2,15,1,4,0,2,1,4,1,23,2,1,1,1,0,0,0,1,0,1,0,0,0,1
0,1,18,1,63,0,4,2,3,0,28,2,1,1,0,0,1,0,1,0,1,0,0,1,0
1,3,36,4,79,0,3,1,2,0,25,1,2,1,1,0,1,0,1,0,0,1,0,0,1
0,0,12,1,17,2,5,3,1,0,35,2,1,1,0,0,0,0,1,0,0,1,0,0,1
0,3,48,4,36,4,5,2,1,0,47,2,1,1,1,0,0,0,1,0,0,1,0,0,1
1,0,42,1,72,4,4,1,3,2,30,2,1,1,1,0,0,0,1,0,0,1,0,0,0
0,0,10,4,21,4,2,1,3,0,27,2,2,1,0,1,0,0,0,1,1,0,0,0,1
1,0,33,4,43,2,3,1,4,2,23,2,2,1,0,0,0,0,1,0,0,1,0,0,1
0,1,12,4,24,2,4,0,3,2,36,2,1,1,1,0,1,0,1,0,0,1,0,0,0
1,0,21,1,18,0,3,1,2,0,25,2,2,1,1,0,0,0,1,0,0,1,0,0,1
0,3,24,4,39,0,5,1,2,2,41,2,2,1,1,0,0,1,1,0,1,0,0,0,0
0,3,12,1,18,0,3,2,2,0,24,2,1,1,0,0,0,0,1,0,1,0,0,1,0
0,2,10,4,8,0,5,2,4,3,63,2,2,1,1,0,1,0,1,0,0,0,0,0,1
1,1,18,1,19,4,2,1,3,0,27,2,1,1,0,0,0,0,1,0,1,0,0,0,1
0,0,12,4,21,0,3,2,2,1,30,2,2,1,0,0,1,0,1,0,0,1,0,0,1
0,0,12,1,7,0,3,3,2,0,40,2,1,1,0,0,0,0,1,0,0,1,0,1,0
1,1,12,1,6,0,3,2,2,2,30,2,1,1,0,0,0,0,1,0,0,1,0,0,1
0,1,12,4,19,0,1,2,2,2,34,2,2,1,1,0,0,1,1,0,0,1,0,0,0
1,0,12,4,35,0,3,1,2,0,29,2,2,1,0,0,1,0,0,1,0,1,0,0,1
0,1,48,1,85,4,4,1,2,2,24,2,1,1,0,0,1,0,1,0,0,1,0,0,1
1,0,36,3,69,0,3,2,3,1,29,1,1,1,1,0,0,0,1,0,0,1,0,0,1
0,3,15,1,27,0,2,2,3,1,27,0,2,1,0,0,0,0,1,0,0,1,0,1,0
0,3,18,1,20,0,3,2,4,3,47,0,2,1,0,0,0,0,1,0,0,0,0,0,1
0,3,60,1,101,1,4,1,4,0,21,2,1,1,1,0,0,0,1,0,0,1,0,0,1
0,3,12,4,12,4,5,1,2,0,38,2,2,1,1,0,0,0,1,0,0,1,0,0,1
0,3,27,3,86,3,3,2,2,2,27,2,2,1,0,0,0,1,1,0,0,1,0,0,1
1,1,12,1,8,2,3,2,3,0,66,2,1,1,0,0,0,0,1,0,0,1,0,1,0
0,1,15,4,27,4,4,2,2,0,35,0,3,1,1,0,0,0,0,0,0,1,0,0,1
0,2,12,1,19,0,3,1,2,2,44,2,1,1,1,0,0,0,1,0,1,0,0,1,0
0,2,6,1,7,3,2,3,2,0,27,2,1,1,0,1,1,0,1,0,0,1,1,0,0
0,1,36,1,48,0,2,1,1,3,30,2,1,1,1,0,0,0,1,0,0,1,0,0,0
0,0,27,1,34,0,3,2,2,2,27,2,1,1,0,0,0,0,1,0,0,1,0,0,0
1,0,18,1,25,0,3,2,2,2,22,2,1,1,0,0,0,0,1,0,0,1,0,0,1
0,3,21,4,23,0,2,1,4,1,23,2,1,1,1,0,0,0,1,0,0,1,0,0,1
0,1,48,0,36,1,4,2,2,2,30,2,1,1,0,0,0,0,1,0,0,1,0,0,1
0,0,6,4,9,0,5,1,4,3,39,2,2,1,1,0,1,0,1,0,0,1,0,0,1
0,3,12,4,7,1,4,1,3,2,51,2,2,1,1,0,1,0,1,0,0,1,0,0,1
0,0,36,4,54,0,3,2,2,1,28,2,2,1,0,0,0,0,0,0,0,1,0,0,1
0,3,18,4,16,3,5,2,4,2,46,2,2,1,0,0,0,0,1,0,0,1,0,0,1
0,3,6,1,13,1,5,2,4,3,42,0,1,2,1,0,0,0,1,0,0,0,0,0,1
0,3,10,1,19,0,3,2,4,1,38,2,1,1,1,1,0,0,1,0,0,1,0,0,1
0,2,36,1,58,0,3,2,1,2,24,2,1,1,0,0,0,0,1,0,0,1,0,0,1
0,1,24,4,78,3,5,1,4,3,29,2,1,1,0,0,0,1,1,0,1,0,0,0,1
0,1,24,3,70,1,4,2,4,2,36,2,1,1,1,0,0,0,1,0,1,0,0,0,0
1,0,12,1,13,0,3,1,4,2,20,2,1,1,0,0,0,0,1,0,1,0,0,0,1
0,0,9,4,13,1,5,2,4,0,48,2,2,2,0,1,0,0,0,0,0,1,0,0,1
0,0,12,0,3,0,5,3,1,2,45,0,1,1,0,0,0,0,1,0,0,1,0,1,0
0,1,24,1,35,1,4,2,3,2,38,0,2,1,1,0,1,0,1,0,0,1,0,0,1
0,3,6,4,19,4,3,2,2,0,34,2,2,2,0,0,0,0,1,0,0,1,0,1,0
0,3,24,4,29,1,5,2,4,0,36,2,1,2,1,0,0,0,1,0,0,1,0,0,1
0,3,18,4,11,0,2,1,1,1,30,2,2,1,0,0,1,0,1,0,0,1,0,0,1
0,3,15,1,13,2,4,2,3,1,36,2,2,1,1,0,0,0,1,0,0,1,0,0,1
0,1,10,1,73,0,1,2,4,3,70,0,1,1,1,0,1,0,1,0,0,0,0,0,0
0,3,36,1,9,2,5,2,4,1,36,2,1,1,0,0,1,0,1,0,0,1,0,0,1
0,3,6,1,30,2,3,2,2,2,32,2,1,1,1,0,0,0,1,0,0,1,0,0,1
1,0,18,1,11,0,1,1,2,2,33,2,1,1,0,0,0,0,1,0,0,1,0,0,1
0,1,11,1,16,3,2,1,1,0,20,2,1,1,0,0,0,0,1,0,0,1,0,0,1
0,3,24,1,40,0,4,1,4,1,25,2,1,1,1,0,0,0,1,0,1,0,0,0,1
1,1,24,4,19,0,5,0,4,0,31,2,2,1,1,0,0,0,1,0,0,1,0,0,1
1,0,15,2,10,0,5,2,3,2,33,2,2,2,0,0,1,0,1,0,1,0,0,0,1
0,3,12,1,8,0,3,1,1,0,26,2,1,1,1,0,0,0,1,0,0,1,0,0,1
1,1,24,3,21,0,1,1,2,1,34,2,1,1,1,0,0,0,1,0,0,1,0,0,0
0,1,8,1,14,0,3,2,2,0,33,2,1,1,0,1,0,0,0,0,0,1,0,0,1
1,0,21,3,34,0,2,2,1,1,26,2,2,1,0,0,0,0,1,0,0,1,0,0,1
1,3,30,0,75,4,1,1,1,0,53,0,1,1,1,0,0,1,1,0,0,1,0,0,0
0,0,12,1,26,0,3,0,1,2,42,2,1,1,0,0,0,0,1,0,0,1,0,0,1
0,0,6,4,3,2,5,2,4,2,52,2,2,1,0,0,0,0,1,0,0,1,0,0,1
0,3,12,1,20,0,4,2,2,2,31,2,2,2,1,0,0,0,1,0,1,0,0,0,0
0,0,21,4,6,0,5,2,4,0,65,2,2,1,0,0,1,0,1,0,0,1,0,0,1
1,3,36,3,96,0,2,0,1,2,28,2,2,1,0,0,0,0,1,0,0,1,0,0,1
1,1,36,3,45,0,3,0,2,0,30,1,2,1,1,0,0,0,1,0,0,1,0,0,0
1,0,21,0,16,4,3,2,2,1,40,2,2,2,0,0,1,0,1,0,0,1,0,1,0
0,3,24,4,38,3,3,2,4,0,50,2,1,1,1,0,0,0,1,0,0,1,0,0,1
1,1,18,4,9,0,5,2,4,2,36,0,1,2,1,0,1,0,1,0,0,1,0,0,1
0,3,15,4,14,0,3,2,2,1,31,2,2,1,0,0,0,0,1,0,0,1,0,0,1
1,1,9,0,51,0,5,1,4,3,74,0,1,2,1,0,0,1,1,0,0,0,0,0,0
0,1,16,4,12,0,1,2,3,2,68,2,3,1,1,0,1,0,1,0,0,0,1,0,0
1,0,12,1,7,1,4,3,1,1,20,2,1,1,0,0,0,0,1,0,0,1,0,0,1
0,1,18,2,32,0,3,1,4,2,33,0,2,1,1,0,0,0,1,0,0,1,0,0,1
1,3,24,1,46,3,3,2,3,1,54,2,3,1,1,0,0,0,1,0,0,1,0,0,0
1,1,48,2,38,1,4,2,4,3,34,2,1,2,0,0,0,0,1,0,0,0,0,1,0
1,1,27,1,39,0,3,2,2,2,36,2,1,2,1,0,0,0,1,0,0,1,0,0,1
0,3,6,1,21,0,4,3,2,0,29,2,1,1,0,0,0,0,1,0,1,0,0,0,1
1,1,45,1,30,1,3,2,4,1,21,2,1,1,0,0,0,0,0,0,1,0,0,0,1
1,1,9,4,15,0,5,1,3,2,34,2,2,1,1,0,0,0,1,0,0,1,0,0,0
0,3,6,4,14,0,3,1,1,2,28,2,2,1,1,0,0,0,1,0,0,1,0,0,1
1,1,12,1,10,1,2,1,4,2,27,0,4,1,0,0,0,0,1,0,1,0,0,0,1
0,1,24,1,28,4,5,2,4,3,36,0,1,1,1,0,0,1,1,0,0,0,0,0,1
1,1,18,3,43,0,5,0,3,3,40,2,1,1,1,0,0,0,1,0,0,1,0,0,0
0,3,9,4,9,2,5,2,2,2,52,2,2,1,1,0,0,0,1,0,0,1,0,0,1
0,0,12,1,12,0,3,3,3,0,27,2,1,1,0,0,1,0,1,0,0,1,0,1,0
0,3,27,3,51,0,4,2,4,2,26,2,2,1,0,0,0,0,1,0,0,1,0,0,1
1,0,12,1,9,0,4,3,4,1,21,2,1,1,0,0,0,0,1,0,1,0,0,0,1
0,3,12,4,15,0,5,2,1,0,38,2,2,2,0,0,1,0,1,0,0,1,0,1,0
0,0,30,4,106,0,5,2,4,3,38,2,3,2,1,0,0,1,1,0,0,0,0,0,0
0,3,12,4,19,0,5,2,4,0,43,2,3,1,1,0,0,0,1,0,0,1,0,0,1
0,1,12,4,14,0,4,2,3,1,26,2,1,1,0,0,0,0,1,0,0,1,0,0,1
0,0,24,1,66,0,3,3,2,2,21,1,1,1,0,0,0,0,1,0,0,1,0,1,0
0,3,12,1,14,3,4,2,2,1,55,2,1,1,0,1,0,1,1,0,0,1,0,0,1
0,3,9,4,31,4,3,2,2,0,33,2,2,2,0,0,0,0,1,0,0,1,0,0,1
0,3,36,1,38,4,5,1,4,0,45,2,1,1,1,0,0,0,1,0,0,1,0,1,0
1,0,27,2,53,0,1,2,4,1,50,1,2,1,1,0,0,0,1,0,0,1,0,0,1
1,2,30,3,19,0,5,2,4,0,66,2,1,1,1,0,0,0,1,0,0,1,0,0,0
0,3,36,4,33,4,5,2,2,2,51,2,1,1,1,0,0,0,1,0,0,1,0,0,1
0,1,6,4,9,4,4,1,3,1,39,2,2,1,0,0,0,0,1,0,0,1,0,1,0
0,0,18,2,31,0,4,2,1,1,31,0,1,1,1,0,0,0,1,0,0,1,0,0,1
0,2,36,1,39,0,3,2,2,0,23,2,1,1,1,0,0,0,1,0,0,1,0,0,1
0,0,24,1,30,0,3,0,2,0,24,2,1,1,0,0,0,0,1,0,1,0,0,1,0
0,3,10,1,14,0,3,1,4,2,64,2,1,1,1,0,1,0,1,0,0,1,0,0,1
0,1,12,1,6,0,2,3,1,0,26,0,1,1,0,0,0,0,0,0,0,1,0,1,0
0,0,12,1,12,4,3,1,4,1,23,0,1,1,1,0,0,0,1,0,1,0,0,0,1
0,3,12,1,7,0,3,2,2,0,30,0,2,1,0,0,0,0,1,0,0,1,0,0,1
0,3,24,3,30,4,3,2,4,0,32,2,2,2,1,0,0,0,1,0,0,1,0,0,1
0,3,15,1,47,0,3,2,2,2,30,2,1,1,1,0,0,1,1,0,0,1,0,0,1
0,3,36,2,26,0,3,2,2,2,27,2,2,1,0,0,0,0,1,0,0,1,0,0,1
1,1,48,1,110,3,4,2,2,3,27,0,2,1,1,0,0,0,0,1,0,1,0,0,1
1,0,12,1,79,0,5,2,4,3,53,2,1,1,1,0,0,0,1,0,0,0,0,0,0
1,3,9,1,15,0,4,2,2,2,22,2,1,1,0,0,0,0,1,0,0,1,0,0,1
0,0,24,1,31,0,2,2,1,3,22,0,1,1,0,0,0,0,1,0,0,0,0,0,1
1,2,36,1,42,0,3,2,2,2,26,2,1,1,0,0,0,0,1,0,0,1,0,0,1
0,3,9,1,25,2,5,2,4,3,51,2,1,1,0,0,1,0,1,0,0,0,0,1,0
0,3,12,1,21,1,4,2,1,3,35,2,1,1,0,0,0,0,1,0,0,1,0,0,1
0,1,18,1,9,0,3,3,2,0,25,2,1,1,0,0,0,0,0,0,0,1,0,1,0
0,3,4,4,15,0,4,2,1,0,42,2,3,2,0,0,0,0,1,0,0,1,0,1,0
1,0,24,1,18,0,1,2,2,2,30,1,1,2,0,0,0,0,1,0,0,1,0,0,0
1,1,6,1,146,4,1,2,2,1,23,2,1,1,1,0,1,0,1,0,0,1,1,0,0
1,1,21,1,28,1,5,0,2,2,61,0,2,1,0,0,0,0,1,0,1,0,0,1,0
0,3,12,4,13,0,3,1,2,1,35,2,2,1,0,0,0,0,1,0,0,1,0,0,1
0,0,30,1,25,0,5,2,3,1,39,2,1,2,0,0,0,0,0,0,0,1,0,0,1
1,0,24,1,9,4,5,1,2,2,29,0,1,1,0,0,1,0,1,0,0,1,0,0,1
0,3,6,1,16,0,4,2,2,1,51,2,1,2,0,0,0,0,1,0,0,1,0,0,1
1,0,48,2,46,0,5,2,4,3,24,2,2,2,0,0,0,1,1,0,0,0,0,0,1
0,3,12,4,12,0,3,1,2,0,27,2,2,1,0,0,0,0,1,0,0,1,0,0,1
0,3,12,0,34,2,3,1,3,0,35,2,1,2,0,0,0,0,1,0,0,1,0,1,0
0,3,24,1,13,0,4,2,1,0,25,2,1,1,1,0,0,0,1,0,0,1,0,0,1
0,3,12,4,7,0,5,2,4,0,52,2,3,1,0,0,0,0,1,0,0,1,0,0,1
0,3,6,2,12,1,3,2,1,3,35,0,1,1,0,1,1,0,1,0,1,0,0,0,1
0,2,24,1,19,0,3,2,2,0,26,2,1,1,0,0,0,0,1,0,0,1,0,0,1
1,3,18,1,4,0,1,1,4,0,22,2,1,1,0,0,0,0,0,1,1,0,0,0,1
0,0,6,4,7,3,4,1,4,0,39,2,2,1,1,0,1,0,1,0,0,1,0,1,0
0,2,12,1,23,0,3,1,2,2,46,2,1,1,0,0,0,0,1,0,0,1,0,1,0
1,1,30,1,22,0,3,1,2,3,24,0,1,1,0,0,1,0,0,0,0,1,0,0,1
0,3,24,3,42,1,3,2,3,1,35,2,2,1,0,0,0,0,1,0,0,1,0,0,1
0,1,9,1,20,4,4,2,1,2,24,2,1,1,1,0,0,0,1,0,0,1,0,0,1
0,1,60,3,74,4,3,2,1,0,27,2,1,1,0,0,0,0,1,0,0,1,0,1,0
0,3,24,4,27,0,3,2,2,0,35,2,2,1,0,0,0,0,1,0,0,1,0,1,0
1,0,12,0,21,0,3,0,1,3,29,2,1,1,0,0,0,0,1,0,0,0,0,0,1
0,3,15,1,38,1,2,1,4,2,23,2,1,1,1,0,0,1,1,0,0,1,0,0,1
0,3,11,4,12,1,1,1,4,0,57,2,3,1,0,0,0,0,1,0,0,1,0,1,0
0,0,12,1,17,0,3,2,2,0,27,2,1,1,0,0,0,0,1,0,0,1,0,0,1
0,0,24,1,16,0,5,1,4,2,55,2,1,1,0,0,0,0,1,0,0,1,0,0,1
0,0,18,4,53,0,5,2,4,3,36,2,3,1,1,0,1,0,1,0,0,0,0,0,0
0,3,12,4,27,0,5,1,4,3,57,0,3,1,0,0,0,0,1,0,0,0,0,1,0
0,3,10,4,12,0,5,2,4,0,32,2,2,2,0,1,1,0,1,0,0,1,0,1,0
1,1,15,1,8,0,5,2,3,2,37,2,1,2,0,0,0,0,1,0,0,1,0,0,1
0,3,36,4,63,4,5,2,4,0,36,2,2,1,0,0,0,0,1,0,0,1,0,0,1
0,3,24,1,15,0,2,1,3,2,38,1,1,1,1,0,0,0,1,0,0,1,0,0,1
1,0,14,1,90,0,5,0,4,1,45,2,1,1,1,1,1,0,1,0,0,1,0,0,0
0,3,24,1,10,4,5,2,2,2,25,2,2,1,0,0,0,0,1,0,0,1,0,0,1
0,3,18,1,27,4,4,2,3,1,32,2,1,1,0,1,1,0,1,0,0,1,0,0,1
0,3,12,4,14,2,4,1,4,2,37,2,1,1,1,0,0,0,1,0,1,0,0,0,1
0,1,48,0,122,4,1,2,4,3,36,2,1,1,1,0,1,0,0,1,0,0,0,0,0
1,1,48,1,31,0,4,2,4,0,28,2,2,1,0,0,0,0,1,0,0,1,0,0,1
1,0,30,1,120,0,2,0,1,3,34,2,1,1,1,0,0,0,1,0,0,1,0,1,0
0,3,9,1,27,0,3,2,2,0,32,2,1,2,0,0,0,0,1,0,0,1,0,0,1
0,3,18,4,24,0,3,1,2,2,26,2,2,1,0,0,0,0,1,0,0,1,0,0,1
0,0,12,1,13,4,5,0,4,1,49,2,1,1,1,0,0,0,1,0,0,1,0,1,0
1,3,6,1,46,0,2,1,4,1,32,2,1,1,0,0,0,0,1,0,0,1,0,0,1
0,3,24,1,19,1,3,2,4,2,29,2,1,1,1,0,0,0,1,0,1,0,0,0,0
0,3,15,4,34,3,5,2,4,3,23,2,2,1,1,0,0,1,1,0,1,0,0,0,1
0,3,12,1,16,0,3,2,2,0,50,2,1,1,0,0,0,0,1,0,0,1,0,0,1
0,2,18,0,14,4,4,2,4,2,49,0,1,1,0,0,0,0,1,0,0,1,0,1,0
0,3,15,4,15,4,5,2,4,1,63,2,1,1,0,0,0,0,1,0,0,1,0,0,1
0,1,24,4,39,1,2,0,2,2,37,2,1,1,1,0,1,0,1,0,0,1,0,0,1
0,0,47,1,107,0,2,1,1,0,35,2,1,1,1,0,1,0,1,0,0,1,0,1,0
0,0,48,1,48,0,4,2,3,1,26,2,1,2,0,0,0,1,1,0,0,1,0,0,1
0,1,48,3,76,1,1,2,4,3,31,2,1,1,1,0,0,0,1,0,0,0,0,0,0
0,1,12,1,11,0,3,1,4,0,49,2,2,1,1,0,0,0,0,0,0,1,0,0,1
1,0,24,3,10,0,2,3,4,0,48,1,1,1,0,0,0,0,1,0,0,1,0,0,1
0,3,12,1,11,0,3,3,2,0,26,2,1,1,1,1,0,0,1,0,0,1,0,0,1
1,1,36,1,94,0,2,3,4,2,28,2,1,1,1,0,0,1,1,0,1,0,0,0,0
0,0,24,4,64,0,5,1,4,3,44,2,2,2,1,0,0,1,1,0,0,0,0,0,0
0,2,42,4,48,0,5,2,4,3,56,2,1,1,0,0,0,1,1,0,0,0,0,0,1
0,3,48,4,76,4,5,0,2,2,46,0,2,2,0,0,0,0,1,0,0,1,0,0,0
1,1,48,1,100,0,2,1,2,2,26,2,1,1,1,0,0,0,1,0,0,1,0,0,1
0,3,12,1,47,4,2,1,4,2,20,2,1,1,0,0,0,1,1,0,1,0,0,0,1
0,3,10,1,13,4,5,2,2,1,45,2,1,1,0,1,1,0,0,1,0,1,0,1,0
0,3,18,1,25,0,3,2,4,0,43,2,1,1,1,0,0,0,1,0,0,1,0,0,1
0,1,21,4,27,3,4,2,2,2,32,2,2,1,1,0,0,0,1,0,0,1,0,0,1
0,3,6,1,7,0,1,1,4,0,54,2,1,1,1,0,1,0,1,0,0,1,1,0,0
1,1,36,2,38,0,3,1,1,2,42,2,1,1,1,0,0,0,1,0,0,1,0,0,1
1,2,24,4,13,4,4,2,2,0,37,0,2,2,0,0,1,0,1,0,0,1,0,1,0
0,0,10,4,10,0,4,2,3,1,49,2,2,1,1,0,1,0,0,1,0,1,0,0,1
1,3,48,4,101,2,3,2,2,3,44,0,1,1,0,0,1,0,1,0,0,0,0,0,1
0,3,6,1,15,3,3,0,2,0,33,2,1,1,0,0,0,0,1,0,0,1,0,0,1
0,3,30,1,48,4,4,1,4,1,24,1,1,1,0,0,0,1,1,0,1,0,0,1,0
1,0,12,1,7,1,2,3,3,3,33,2,1,1,1,0,0,0,1,0,0,1,0,1,0
1,1,8,1,12,0,3,1,4,0,24,2,1,1,0,0,0,0,1,0,0,1,0,0,1
0,1,9,1,3,0,3,3,4,0,22,2,1,1,0,0,1,0,1,0,1,0,0,1,0
0,1,48,1,54,4,1,2,4,3,40,0,1,1,1,0,0,0,1,0,0,0,1,0,0
0,3,24,1,55,1,3,2,1,2,25,1,1,1,0,0,0,0,1,0,0,1,0,0,1
0,2,24,1,37,0,2,1,4,2,26,2,1,1,0,0,0,0,1,0,0,1,0,0,1
1,1,12,1,7,0,4,3,3,2,25,0,1,1,0,0,1,0,1,0,0,1,0,1,0
0,2,4,1,15,4,2,2,2,0,29,2,1,2,0,1,1,0,1,0,0,1,0,1,0
1,0,36,0,27,0,5,2,4,2,31,0,1,1,0,0,0,0,1,0,0,1,0,0,1
0,0,12,1,7,0,3,2,3,1,38,2,1,2,0,0,0,0,0,0,0,1,0,1,0
0,1,24,1,44,4,3,1,4,1,48,2,1,1,1,0,0,0,1,0,0,1,0,1,0
0,3,12,4,7,0,3,2,2,2,32,2,2,1,0,0,0,0,1,0,0,1,0,0,1
0,0,15,3,36,0,5,1,4,1,27,2,2,1,0,0,0,0,1,0,0,1,0,1,0
1,1,30,4,42,0,1,3,2,2,28,2,2,1,0,0,1,0,1,0,0,1,0,0,0
1,0,24,1,19,0,2,0,3,1,32,2,1,1,0,0,0,0,1,0,0,1,0,0,1
0,0,24,1,29,0,4,2,1,3,34,2,1,1,1,0,0,1,1,0,0,0,0,0,0
0,0,18,1,27,3,3,2,2,2,28,2,1,1,0,0,0,0,1,0,0,1,0,0,1
0,3,18,4,10,0,3,1,3,0,36,2,2,1,0,0,1,0,1,0,0,1,0,0,1
0,0,8,4,34,0,4,2,4,0,39,2,2,1,0,1,1,0,1,0,0,1,0,1,0
0,3,12,4,58,4,5,2,4,1,49,2,1,1,1,0,0,0,1,0,1,0,0,0,1
0,3,24,1,15,3,4,1,3,2,34,2,1,2,1,0,1,0,1,0,0,1,0,0,1
0,2,36,1,45,0,5,2,2,2,31,2,1,1,0,0,0,0,1,0,0,1,0,0,1
0,1,6,1,11,0,5,2,4,2,28,2,1,2,0,0,0,0,1,0,0,1,0,0,1
0,0,24,4,66,0,1,2,4,3,75,2,2,1,1,0,0,1,1,0,0,0,0,0,0
1,3,18,4,19,1,3,1,2,0,30,2,2,1,0,0,0,0,1,0,0,1,0,0,1
1,1,60,1,74,1,2,1,2,1,24,2,1,1,0,0,1,0,1,0,0,1,0,0,0
1,3,48,4,116,1,3,1,4,2,24,0,2,1,0,0,0,1,1,0,1,0,0,1,0
1,0,24,2,41,0,5,2,4,3,23,0,2,2,0,0,0,0,1,0,1,0,0,0,1
1,0,6,4,34,0,3,0,4,0,44,2,1,1,1,0,0,0,1,0,1,0,0,0,0
0,1,13,1,21,0,2,1,4,1,23,2,1,1,0,0,0,0,0,0,0,1,0,1,0
1,0,15,1,13,4,3,1,2,2,24,2,1,1,0,0,0,0,1,0,1,0,0,0,1
0,0,24,1,42,0,3,2,4,1,28,2,1,1,0,0,0,0,1,0,0,1,0,0,1
0,1,10,1,15,0,3,0,2,2,31,2,1,1,0,0,0,0,1,0,0,1,0,1,0
0,1,24,4,57,0,2,1,4,3,24,2,2,1,1,0,0,0,1,0,0,0,0,0,1
0,0,21,1,36,0,4,1,4,2,26,2,1,1,0,0,0,0,1,0,1,0,0,1,0
0,1,18,1,32,2,2,3,3,0,25,2,1,1,0,0,0,0,1,0,1,0,0,0,1
0,1,18,1,44,0,5,2,1,0,33,0,1,1,1,0,0,0,0,1,0,1,0,0,0
0,2,10,1,39,0,2,2,1,1,37,2,1,2,0,0,1,0,0,0,0,1,0,1,0
0,3,15,4,15,0,3,1,2,2,43,2,1,1,0,0,0,0,1,0,0,1,0,1,0
0,1,13,4,9,0,2,2,4,0,23,2,2,1,0,0,0,0,0,0,0,1,0,0,1
0,1,24,1,38,2,1,1,4,3,23,2,1,1,0,0,0,0,1,0,1,0,1,0,0
0,3,6,3,17,1,3,2,2,0,34,2,2,1,0,0,0,0,1,0,0,1,0,1,0
1,1,9,4,11,3,5,2,3,3,32,2,2,2,0,0,0,0,1,0,0,0,0,0,1
0,3,9,1,12,0,2,1,4,0,23,2,1,1,1,0,0,0,1,0,1,0,0,0,1
1,1,9,1,10,0,3,1,2,2,29,2,1,1,0,1,0,0,1,0,0,1,0,0,1
0,3,18,4,32,4,1,2,4,3,38,2,1,1,1,0,0,1,1,0,0,1,0,0,0
1,0,12,2,62,0,3,2,2,1,28,2,2,1,1,0,0,0,1,0,1,0,0,0,1
0,3,10,1,7,2,5,2,4,3,46,2,1,1,1,0,0,0,1,0,0,0,0,0,1
1,1,24,1,12,0,2,2,2,0,23,1,1,1,0,0,1,0,1,0,0,1,0,1,0
0,3,12,4,23,4,5,2,4,0,49,2,1,1,1,0,0,0,0,1,0,1,0,0,1
1,3,36,3,45,0,3,2,2,2,26,2,2,1,1,0,0,0,1,0,0,1,0,0,0
0,3,12,1,8,0,3,3,2,0,28,2,1,1,0,0,0,0,1,0,0,1,0,0,1
1,0,30,1,24,0,4,1,4,0,23,2,1,1,0,0,0,0,1,0,1,0,0,0,1
0,1,18,1,12,4,3,2,4,3,61,2,1,1,0,0,0,0,1,0,0,0,0,0,1
0,2,12,1,34,4,5,2,3,2,37,2,1,1,0,0,0,0,1,0,0,1,0,0,0
0,2,12,3,22,0,3,1,2,2,36,1,2,1,1,0,1,0,1,0,0,1,0,0,1
0,3,6,1,18,0,3,3,2,1,21,2,1,1,0,0,0,0,1,0,1,0,0,0,1
1,0,18,1,25,0,1,2,1,2,25,2,1,1,0,0,0,0,1,0,0,1,1,0,0
0,3,12,1,15,0,4,2,4,2,36,2,1,1,1,0,0,0,1,0,0,1,0,0,1
0,3,18,4,38,0,4,2,1,2,27,2,2,1,0,0,0,1,1,0,0,1,0,0,1
0,0,18,1,36,0,2,1,4,2,22,2,1,1,0,0,0,0,1,0,1,0,0,0,1
1,0,36,1,34,0,5,2,2,2,42,2,1,2,0,0,0,0,1,0,0,1,0,0,1
0,1,18,1,30,0,4,1,4,0,40,2,1,1,0,0,0,0,1,0,1,0,0,0,1
0,3,36,1,31,4,3,2,4,0,36,2,1,1,0,0,1,0,1,0,0,1,0,0,1
0,3,18,4,61,0,5,2,4,2,33,2,2,1,1,0,0,0,1,0,0,1,0,0,1
0,3,10,4,21,0,2,1,3,0,23,2,2,1,0,0,0,0,1,0,1,0,0,0,1
0,3,60,4,138,4,5,2,4,3,63,0,1,1,1,0,1,0,1,0,0,0,0,0,0
1,1,60,0,148,1,5,1,4,3,60,0,2,1,1,0,0,0,1,0,0,0,0,0,0
1,0,48,0,77,0,4,1,4,2,37,2,1,1,0,0,0,0,0,0,1,0,0,0,1
0,3,18,3,23,0,1,3,3,0,34,2,2,1,0,0,0,0,1,0,0,1,0,0,1
0,3,7,3,8,4,5,2,4,3,36,2,1,1,0,0,0,0,1,0,0,0,0,0,1
1,1,36,1,143,0,5,2,2,3,57,2,1,1,1,0,1,0,1,0,0,0,0,0,0
0,3,6,4,4,1,3,1,4,2,52,2,2,1,0,0,1,0,1,0,0,1,0,1,0
0,0,20,1,22,4,4,2,4,2,39,2,1,1,1,0,0,0,1,0,0,1,0,0,1
1,1,18,1,130,0,1,1,4,3,38,2,1,1,1,0,0,1,1,0,0,0,0,0,0
0,3,22,1,13,4,4,1,4,1,25,2,1,1,0,0,1,0,1,0,1,0,0,0,1
0,2,12,1,13,0,2,2,1,0,26,2,1,1,0,0,1,0,1,0,0,1,0,0,1
0,3,30,3,43,1,3,2,2,1,26,2,2,1,0,0,0,0,1,0,0,1,0,1,0
0,3,18,4,22,0,3,1,1,2,25,2,2,1,0,0,0,0,1,0,0,1,0,0,1
0,3,18,1,11,4,2,1,2,0,21,2,1,1,1,0,0,0,1,0,1,0,0,0,1
0,1,18,4,74,0,1,2,4,1,40,1,2,1,1,0,0,0,1,0,0,1,0,0,0
0,1,15,4,23,2,3,2,4,2,27,0,1,1,0,0,0,0,1,0,0,1,0,0,1
0,3,9,1,14,0,4,1,2,2,27,2,2,1,0,0,0,0,1,0,0,1,0,0,1
0,3,18,1,18,0,3,3,2,1,30,2,1,1,1,0,1,0,1,0,0,1,0,0,0
0,1,12,1,10,3,2,1,4,0,19,2,1,1,0,0,0,0,1,0,1,0,0,1,0
0,0,36,1,32,0,4,2,4,3,39,0,1,2,1,0,1,0,1,0,0,0,0,0,0
0,0,6,4,20,0,4,1,4,2,31,2,1,1,0,0,0,0,1,0,0,1,0,0,1
0,3,9,4,24,0,1,2,3,2,31,2,1,1,0,0,0,0,1,0,0,1,0,0,0
0,1,39,3,118,1,4,2,3,3,32,2,1,1,1,0,0,0,1,0,1,0,0,0,1
0,0,12,1,26,0,1,1,4,3,55,2,1,1,0,0,0,0,1,0,0,0,0,0,0
0,0,36,4,23,0,3,3,2,1,46,2,2,1,1,0,0,0,1,0,0,1,0,0,1
1,1,12,1,12,0,5,0,1,0,46,2,2,1,0,0,1,0,1,0,1,0,0,0,1
0,3,24,4,15,3,3,1,1,0,43,2,2,1,0,0,0,0,1,0,0,1,0,1,0
0,3,18,1,15,0,2,3,4,0,39,2,1,1,1,0,0,0,1,0,0,1,0,0,1
0,1,18,4,19,4,3,3,4,0,28,0,2,1,0,0,0,0,1,0,0,1,0,0,1
1,3,24,3,86,0,2,2,2,2,27,0,2,1,1,0,0,0,1,0,0,1,0,0,1
0,3,14,3,8,0,3,2,2,2,27,2,2,1,0,0,1,0,1,0,0,1,0,1,0
0,1,18,3,29,4,5,2,4,2,43,2,1,2,0,0,1,0,1,0,0,1,0,0,1
1,1,24,1,20,0,2,3,1,1,22,2,1,1,1,0,0,0,1,0,0,1,0,0,1
0,3,24,4,22,4,4,2,4,2,43,2,2,2,1,0,0,1,1,0,0,1,0,0,1
0,0,15,1,11,0,2,3,2,0,27,2,1,1,0,1,0,0,1,0,0,1,0,0,1
0,3,24,1,32,2,5,0,2,2,26,2,1,1,1,0,0,0,1,0,0,1,0,0,0
1,2,12,4,9,2,4,3,2,0,28,2,3,1,1,0,1,0,1,0,0,1,0,0,1
0,1,24,1,20,0,5,1,4,2,20,2,1,1,1,0,0,0,1,0,0,1,0,0,1
0,3,33,4,73,0,4,2,2,2,35,2,2,1,1,0,0,1,1,0,0,1,0,0,0
1,3,12,4,23,0,1,2,2,2,42,1,2,1,1,0,0,0,1,0,0,1,0,0,0
0,3,10,1,16,2,3,2,2,3,40,2,1,2,0,1,1,0,1,0,1,0,0,1,0
1,0,24,1,14,4,3,1,2,1,35,2,1,1,0,0,1,0,1,0,0,1,0,0,1
0,3,36,4,58,0,5,2,2,1,35,2,2,2,1,0,0,1,1,0,0,1,0,0,1
1,0,12,1,26,0,2,2,1,0,33,2,1,2,0,0,1,0,1,0,0,1,0,1,0
0,0,18,3,85,4,3,1,2,2,23,2,2,1,1,0,0,0,1,0,1,0,0,0,1
0,3,21,1,28,2,4,1,2,2,31,0,1,1,0,0,1,0,1,0,0,1,0,0,0
1,1,18,1,10,4,3,1,2,1,33,2,1,1,0,0,1,0,1,0,0,1,0,0,1
0,3,15,1,32,3,4,1,3,2,20,2,1,1,0,0,1,0,1,0,1,0,0,0,1
0,1,12,1,20,4,3,2,2,2,30,2,1,1,0,0,0,1,1,0,0,1,0,0,1
0,1,12,4,10,0,4,2,3,0,47,2,2,2,0,0,1,0,1,0,0,1,0,1,0
0,3,21,3,16,1,4,2,3,0,34,2,2,1,0,0,0,0,1,0,0,1,0,0,0
1,1,12,1,28,4,5,1,2,1,25,0,1,1,1,0,0,0,1,0,0,1,0,0,1
0,1,18,1,28,0,3,3,3,2,21,2,1,1,1,0,0,1,1,0,1,0,0,0,1
0,3,28,4,27,0,5,2,2,2,29,2,2,1,0,0,0,0,1,0,0,1,0,0,1
0,3,18,4,11,3,3,2,3,0,46,2,2,1,0,0,0,0,1,0,0,1,0,0,1
0,3,9,1,13,0,5,2,4,2,20,2,1,1,0,0,0,0,1,0,0,1,0,0,1
1,0,18,4,12,0,1,1,4,3,55,2,3,2,0,0,0,0,1,0,0,0,1,0,0
0,3,5,1,34,0,4,2,4,0,74,2,1,1,0,0,0,0,1,0,0,1,0,1,0
1,1,24,1,113,0,3,2,3,2,29,0,2,1,1,0,0,0,0,1,0,1,0,0,0
0,0,6,4,19,0,1,2,4,3,36,2,3,1,1,0,0,0,1,0,0,0,0,0,0
0,3,24,4,21,0,3,0,2,0,33,2,2,1,1,0,0,0,1,0,0,1,0,0,1
0,0,9,1,21,0,3,2,2,0,25,2,1,1,0,0,0,0,1,0,0,1,0,0,1
1,1,12,1,15,4,3,3,1,0,25,2,1,1,1,0,0,0,1,0,0,1,0,0,1
0,3,6,1,7,2,4,3,4,0,23,2,1,1,0,0,0,0,1,0,1,0,0,1,0
0,3,24,4,13,3,5,1,4,0,37,2,2,1,1,0,1,0,1,0,0,1,0,0,1
0,0,42,4,34,0,1,2,4,2,65,2,2,1,0,0,0,0,0,1,0,1,1,0,0
1,2,12,0,6,0,2,1,1,0,26,2,1,1,0,0,0,0,1,0,0,1,1,0,0
0,3,12,1,19,0,5,2,4,2,39,2,1,1,1,0,1,0,1,0,0,1,0,0,0
0,0,12,1,16,0,3,1,3,1,30,2,1,1,0,0,0,0,0,1,0,1,0,0,1
0,1,20,3,26,0,3,2,3,2,29,0,2,1,1,0,0,0,1,0,0,1,0,0,1
1,3,12,1,7,0,5,2,4,2,41,0,1,2,0,0,0,0,1,0,0,1,0,1,0
1,1,48,4,51,0,3,1,3,2,30,2,1,1,1,0,0,0,1,0,0,1,0,0,0
0,3,9,4,12,4,5,1,4,1,41,2,2,1,0,0,0,0,1,0,1,0,0,1,0
1,0,36,1,18,0,2,1,4,2,34,2,1,1,1,0,1,0,1,0,0,1,0,0,1
0,1,7,1,26,0,3,2,2,0,35,2,1,1,0,0,0,0,0,0,0,1,0,0,1
0,2,12,1,14,4,5,1,4,0,55,2,1,1,1,0,0,0,1,0,0,1,0,0,0
1,1,15,3,15,3,3,3,3,1,61,1,2,1,0,0,0,0,1,0,0,1,0,0,1
0,3,36,4,111,4,3,2,2,2,30,2,1,1,1,0,0,1,1,0,0,1,0,0,0
0,3,6,1,5,0,3,1,1,0,29,2,1,1,0,0,0,0,1,0,0,1,0,0,1
0,3,12,2,28,0,5,2,4,1,34,2,2,1,0,0,0,0,1,0,0,1,0,0,1
0,3,24,1,27,0,5,2,4,2,35,2,1,1,1,0,0,1,1,0,0,1,0,0,0
1,0,24,1,48,0,4,2,3,1,31,2,1,1,1,0,1,0,0,1,0,1,0,0,1
0,3,24,1,27,0,2,1,1,3,29,2,1,1,1,0,0,1,1,0,0,1,0,0,0
0,0,11,4,39,0,3,2,2,0,36,2,2,2,0,0,1,0,1,0,1,0,0,0,1
1,0,12,1,34,0,5,2,4,3,35,2,1,1,1,0,0,1,1,0,0,0,0,0,1
0,0,6,1,3,0,2,1,1,0,27,2,1,1,0,0,0,0,1,0,0,1,0,0,1
0,3,18,1,46,0,2,2,2,2,32,2,1,1,1,0,0,0,1,0,0,1,0,0,1
0,0,36,1,36,0,3,2,2,1,37,2,1,2,0,0,0,0,0,0,0,1,0,0,1
0,0,15,1,17,0,2,2,3,0,36,2,1,1,0,0,1,0,1,0,0,1,0,0,1
0,1,12,1,30,0,2,1,1,0,34,2,1,1,0,0,0,0,1,0,1,0,0,0,0
0,1,12,1,8,4,5,2,4,1,38,2,2,1,0,0,0,0,1,0,0,1,0,0,1
0,3,18,1,20,0,4,2,1,2,34,1,2,1,1,0,0,0,1,0,0,1,0,0,1
0,0,24,1,29,0,3,2,4,3,63,0,1,2,1,0,0,1,0,0,0,1,0,0,1
1,0,24,3,17,0,2,1,2,2,29,2,1,1,1,0,0,0,1,0,1,0,0,1,0
0,3,48,3,72,4,5,2,3,2,32,0,2,2,0,0,0,0,1,0,0,1,0,0,1
0,3,33,3,28,0,3,1,2,2,26,2,2,1,1,0,0,0,1,0,0,1,0,0,1
0,3,24,3,47,0,4,2,3,2,35,2,2,1,1,0,0,1,1,0,0,1,0,1,0
1,1,24,1,31,1,2,3,2,2,22,2,1,1,1,0,0,0,1,0,1,0,0,0,1
1,0,6,1,4,0,2,1,4,1,23,2,1,1,0,0,0,0,1,0,0,1,0,0,1
1,0,9,1,7,0,3,2,3,2,28,2,1,1,0,0,1,0,1,0,0,1,0,1,0
0,3,6,1,12,4,1,2,4,1,36,2,1,2,1,0,0,0,1,0,0,1,0,0,0
1,1,18,4,12,0,3,3,2,2,33,2,1,1,0,0,0,0,1,0,0,1,0,0,1
1,0,18,2,31,0,2,1,4,1,26,2,1,1,0,0,0,0,1,0,1,0,0,0,1
0,3,39,1,26,2,3,2,4,2,24,2,1,1,0,0,0,1,1,0,0,1,0,0,1
0,2,24,1,52,0,4,2,2,2,25,0,1,1,0,0,0,0,1,0,0,1,0,0,1
0,1,12,1,10,1,4,2,4,0,39,2,1,1,0,0,0,0,1,0,0,1,0,1,0
0,0,15,4,15,0,5,2,4,2,44,2,2,2,1,0,0,0,1,0,0,1,0,0,1
0,1,12,4,36,0,3,1,1,0,23,2,1,1,0,0,0,0,1,0,0,1,0,1,0
0,1,24,1,12,0,2,2,1,1,26,2,1,1,0,0,1,0,1,0,0,1,0,0,1
0,0,30,1,36,3,5,1,4,1,57,2,2,1,1,0,0,0,1,0,1,0,0,0,1
0,3,15,3,10,3,4,1,2,1,30,2,2,1,0,0,0,0,1,0,0,1,0,0,1
0,3,12,4,12,2,3,2,4,0,44,2,1,1,1,0,1,0,1,0,0,1,0,0,1
1,1,6,3,12,0,1,2,4,1,47,2,1,1,1,0,1,0,1,0,0,1,0,0,0
0,3,12,1,31,0,3,2,4,2,52,2,1,1,1,0,0,0,1,0,0,1,0,0,1
0,3,24,1,38,0,5,1,4,3,62,2,1,1,1,0,1,0,0,1,0,0,0,0,1
0,3,10,1,14,1,3,2,2,0,35,2,1,1,0,1,1,0,1,0,1,0,0,1,0
0,3,6,1,35,0,3,2,3,1,26,2,1,1,0,0,1,0,0,0,1,0,0,0,1
0,3,12,4,19,0,5,2,2,3,26,2,2,1,0,0,0,0,1,0,0,1,0,0,1
1,1,27,2,83,0,5,1,4,3,42,2,2,1,1,0,0,0,1,0,0,0,0,0,0
0,3,6,4,12,1,3,1,1,1,27,2,2,1,0,0,0,0,1,0,0,1,0,0,1
0,1,6,1,4,4,5,2,4,1,38,2,1,1,0,0,0,0,1,0,0,1,0,0,1
0,0,12,4,21,0,3,2,2,0,39,2,2,2,0,1,1,0,1,0,1,0,0,1,0
1,0,24,1,30,4,3,3,4,2,20,2,1,1,0,0,0,0,1,0,0,1,0,0,1
1,1,36,1,90,1,2,2,1,3,29,2,1,1,1,0,0,0,0,1,1,0,0,0,0
0,3,24,4,16,0,4,2,3,1,40,2,2,1,0,0,0,0,1,0,0,1,0,0,1
0,1,18,1,13,0,5,3,2,0,32,2,1,1,0,0,0,0,0,0,0,1,0,1,0
0,2,6,4,13,1,5,0,4,2,28,2,2,2,1,0,1,0,1,0,0,1,0,0,1
1,0,24,1,31,0,2,1,1,1,27,2,1,1,0,0,1,0,1,0,0,1,0,0,1
0,0,36,1,55,0,5,2,4,3,42,2,1,2,0,0,0,1,1,0,0,0,0,0,1
0,2,9,1,11,1,5,0,4,0,49,2,1,1,0,0,0,0,1,0,0,1,0,0,1
1,1,24,4,12,1,2,2,4,3,38,0,2,2,0,0,0,0,1,0,0,1,0,0,1
1,0,24,1,12,0,2,1,4,1,24,2,1,1,0,0,1,0,1,0,1,0,0,0,1
1,3,10,1,13,4,3,2,4,1,27,2,1,1,0,0,1,0,0,0,0,1,0,1,0
0,2,15,4,24,2,3,2,2,2,36,2,1,1,1,0,0,1,1,0,0,1,0,0,1
1,1,15,0,68,1,1,2,2,1,34,2,1,2,1,0,1,0,1,0,0,1,0,0,0
0,3,24,1,14,0,3,3,2,1,28,2,1,1,0,0,0,0,1,0,0,1,0,0,1
0,3,39,1,86,1,5,2,2,2,45,2,1,1,1,0,0,1,1,0,0,1,0,0,0
1,0,12,1,8,0,4,2,2,0,26,2,1,1,0,0,1,0,1,0,0,1,0,0,1
0,3,36,1,47,0,3,2,2,3,32,2,1,1,1,0,0,1,1,0,0,0,0,0,0
0,2,15,1,27,0,4,2,4,1,26,2,1,1,1,0,0,0,1,0,1,0,0,0,1
0,1,12,3,6,0,3,3,4,0,20,2,2,1,0,0,0,0,0,1,1,0,0,0,1
0,3,24,1,23,4,2,2,1,1,54,2,1,1,0,0,1,0,1,0,0,1,0,0,1
0,0,6,4,6,0,4,1,3,1,37,2,2,1,0,1,1,0,1,0,0,1,0,0,1
0,0,6,4,14,0,2,2,4,0,40,2,1,2,0,1,1,0,1,0,0,1,0,1,0
1,3,36,4,71,0,2,1,4,1,23,2,2,1,1,0,0,0,1,0,1,0,0,0,1
0,0,6,1,12,1,5,2,2,1,43,2,1,1,1,0,1,0,1,0,0,1,0,0,1
0,3,6,4,7,4,5,2,4,3,36,2,2,1,0,0,0,0,1,0,0,0,0,0,1
0,3,24,4,55,0,5,2,4,3,44,2,2,1,0,0,0,0,1,0,0,0,0,0,1
1,0,18,1,32,0,3,1,2,0,24,2,1,1,0,0,0,0,1,0,0,1,0,0,1
1,0,48,2,71,0,3,2,4,3,53,2,2,2,0,0,0,0,1,0,0,0,0,0,1
0,3,24,1,35,1,4,1,4,2,23,2,1,1,0,0,0,1,1,0,0,1,0,0,1
0,1,18,1,11,0,3,1,4,0,26,2,1,2,0,0,0,0,0,0,0,1,0,1,0
0,1,26,1,80,0,2,2,3,2,30,2,2,1,0,0,0,1,1,0,0,1,0,0,1
0,3,15,4,15,1,3,1,3,2,31,2,1,1,0,0,0,0,1,0,0,1,0,0,1
0,3,4,4,15,0,4,2,1,0,42,2,2,2,0,0,0,0,1,0,0,1,0,1,0
1,0,36,1,23,0,3,0,4,2,31,2,1,1,0,0,0,0,1,0,1,0,0,0,1
0,0,6,1,7,0,2,2,4,0,41,2,1,2,1,0,1,0,1,0,0,1,0,1,0
0,1,36,1,23,0,4,2,1,2,32,2,2,2,0,0,0,0,1,0,0,1,0,0,1
1,1,15,1,26,1,3,1,4,2,28,2,2,1,1,0,1,0,1,0,1,0,0,0,1
0,3,12,3,15,0,3,3,4,0,41,2,1,1,0,0,0,1,1,0,1,0,0,0,1
0,3,24,1,13,1,4,3,3,1,26,2,1,1,1,0,0,0,1,0,0,1,0,0,1
0,3,24,1,31,4,2,2,2,2,25,2,2,1,0,0,0,0,1,0,0,1,0,0,1
1,2,21,4,23,0,2,0,1,2,33,2,1,1,0,0,0,0,1,0,1,0,0,0,1
0,0,6,1,14,4,1,1,3,1,75,2,1,1,1,0,1,0,1,0,0,1,0,0,0
0,1,18,4,36,0,5,1,4,1,37,2,1,1,1,0,0,0,1,0,0,1,0,0,1
1,0,48,1,78,0,5,2,4,3,42,0,1,1,0,0,1,0,1,0,0,0,0,0,0
0,2,18,1,30,0,2,1,1,1,45,1,1,1,0,0,0,0,1,0,0,1,0,1,0
1,1,12,1,15,0,2,3,1,0,23,2,1,1,0,0,0,0,1,0,1,0,0,0,1
0,3,24,3,20,0,5,2,4,3,60,2,2,1,1,0,1,0,1,0,0,0,0,0,1
1,0,30,1,64,4,5,2,4,1,31,2,1,1,0,0,0,0,1,0,0,1,0,0,1
1,2,18,1,29,0,3,2,1,0,34,2,1,2,0,0,0,0,1,0,0,1,0,1,0
0,3,12,4,13,0,5,2,4,0,61,2,2,1,0,0,1,0,1,0,0,1,0,1,0
1,0,24,3,13,0,1,2,2,0,43,2,2,2,0,0,1,0,1,0,0,0,0,0,1
0,3,24,4,20,0,3,1,4,2,37,2,1,1,1,0,1,0,1,0,0,1,0,0,1
0,3,24,1,16,0,4,2,1,2,32,0,1,2,0,0,0,0,1,0,0,1,0,0,1
1,0,12,0,6,0,3,1,4,0,24,0,1,1,0,0,0,0,1,0,0,1,0,1,0
0,3,48,4,89,4,4,2,1,3,35,2,2,1,1,0,0,1,1,0,0,0,0,0,1
0,3,12,4,10,4,4,1,4,0,23,2,2,1,0,0,0,0,1,0,0,1,0,0,1
0,3,6,0,18,2,5,2,4,1,45,0,1,2,0,0,0,0,1,0,0,1,0,1,0
1,0,48,1,70,0,4,3,1,0,34,2,2,1,1,0,0,0,0,0,0,1,0,0,1
0,1,12,4,20,1,2,2,1,2,27,2,1,1,0,0,1,0,1,0,0,1,0,0,1
0,1,9,1,12,0,4,1,4,1,67,2,2,1,1,0,0,0,1,0,0,1,0,0,0
1,1,12,1,13,0,2,2,1,2,22,1,1,1,0,0,0,0,1,0,0,1,0,0,1
1,1,18,2,23,1,2,1,3,2,28,2,2,1,0,0,1,0,1,0,0,1,0,0,1
1,3,21,2,50,4,3,1,4,1,29,0,2,1,1,0,1,0,1,0,0,1,0,0,1
1,0,24,0,36,0,4,2,4,2,27,0,1,1,0,0,0,0,1,0,0,1,0,0,1
1,1,18,4,19,0,2,2,2,0,31,2,2,1,0,0,0,0,1,0,0,1,0,1,0
0,0,24,1,30,4,5,2,4,3,49,0,1,2,1,0,0,1,1,0,0,0,0,0,1
1,0,24,0,15,0,4,2,4,2,24,0,1,1,0,0,0,0,0,0,1,0,0,1,0
0,2,6,3,7,0,2,1,1,1,29,0,1,1,0,0,0,0,1,0,0,1,0,0,1
1,1,36,1,124,4,3,2,4,3,37,2,1,1,1,0,1,0,1,0,0,0,0,0,1
0,1,24,3,47,4,3,2,2,1,37,0,2,1,1,0,0,0,1,0,0,1,0,0,0
0,1,24,3,16,1,4,1,2,1,23,2,2,1,1,0,0,0,1,0,1,0,0,0,1
1,0,12,1,14,0,4,0,3,2,36,2,1,1,0,0,1,0,1,0,0,1,0,0,1
0,3,24,4,26,3,5,2,2,2,34,2,1,1,0,0,0,0,1,0,0,1,0,0,1
0,1,48,1,40,4,4,2,1,2,41,2,2,2,1,0,0,0,1,0,0,1,0,0,1
1,0,48,1,68,0,3,1,2,2,31,2,1,1,1,0,0,0,1,0,0,1,0,0,1
1,0,24,1,32,0,2,1,4,0,23,2,1,1,1,0,0,0,1,0,1,0,0,1,0
0,3,30,4,60,0,4,2,2,2,38,2,1,1,0,0,0,0,0,1,0,1,0,0,1
0,3,24,1,54,4,1,1,4,1,26,2,1,1,1,0,0,1,1,0,1,0,0,0,0
0,0,15,1,8,0,3,1,4,1,22,2,1,1,0,0,0,0,1,0,0,1,0,1,0
0,1,9,1,11,0,5,2,4,2,27,2,2,1,0,0,0,0,1,0,0,1,0,1,0
0,3,15,4,28,0,4,1,3,2,24,0,2,1,0,0,0,0,0,1,0,1,0,0,1
0,1,12,1,29,0,4,1,1,0,27,2,1,1,0,0,0,0,1,0,0,1,0,0,1
0,3,24,4,19,4,3,1,2,2,33,2,2,1,1,0,0,0,1,0,0,1,0,0,1
1,1,36,4,28,0,2,0,4,2,27,2,2,1,0,0,1,0,1,0,0,1,0,0,1
0,3,24,1,9,0,2,3,3,2,27,2,2,1,0,0,0,0,1,0,0,1,0,1,0
1,1,18,4,11,0,5,2,3,0,30,0,2,1,0,0,1,0,0,0,0,1,0,0,1
0,1,12,4,31,0,2,2,3,0,49,0,2,2,0,0,1,0,1,0,0,1,0,1,0
0,3,9,1,14,0,3,1,2,0,26,2,1,1,0,0,0,0,1,0,1,0,0,0,1
1,1,36,1,24,0,2,2,1,3,33,2,1,1,0,0,0,0,1,0,1,0,0,1,0
0,3,12,1,21,4,5,1,4,3,52,2,1,1,1,0,1,0,1,0,0,0,0,0,0
1,0,18,1,20,0,3,1,4,0,20,0,1,1,0,0,0,0,1,0,1,0,0,0,1
0,0,9,4,28,0,3,2,2,0,36,2,2,2,0,0,1,0,1,0,1,0,0,0,1
0,0,12,1,13,0,3,2,1,1,21,2,1,1,0,0,0,0,0,0,0,1,0,1,0
1,0,18,1,12,0,3,3,3,0,47,2,1,1,1,0,0,0,1,0,0,1,0,1,0
1,0,12,4,22,0,5,2,3,1,60,2,2,1,0,0,0,0,1,0,0,1,0,0,1
0,0,12,4,4,0,4,1,3,0,58,2,4,1,1,0,0,0,1,0,0,1,0,1,0
0,1,24,3,20,4,3,1,4,2,42,2,2,1,1,0,1,0,1,0,1,0,0,0,1
0,3,21,1,16,3,5,1,4,0,36,0,1,1,0,0,0,0,1,0,0,1,0,1,0
1,1,24,1,27,0,3,1,4,1,20,2,1,1,1,0,1,0,1,0,1,0,0,1,0
1,0,24,0,14,4,5,2,3,2,40,1,1,1,1,0,0,0,1,0,0,1,0,0,0
1,1,6,0,9,1,2,1,1,1,32,1,1,1,0,0,1,0,1,0,0,1,0,1,0
1,0,24,1,14,0,4,1,4,2,23,2,2,1,0,0,1,0,1,0,1,0,0,0,1
1,1,24,2,42,0,3,2,4,0,36,2,3,1,1,0,0,0,1,0,0,1,0,1,0
1,3,18,4,28,0,4,2,2,1,31,0,2,1,0,0,1,0,1,0,0,1,0,0,1
0,3,24,3,39,0,3,2,2,3,32,2,1,1,0,0,0,0,1,0,0,0,0,0,1
0,1,7,1,23,0,2,1,1,0,45,2,1,1,0,0,0,0,0,0,0,1,0,0,1
1,1,9,1,9,0,3,1,1,1,30,2,1,1,0,0,0,0,1,0,0,1,0,0,1
1,1,24,0,18,0,4,1,4,3,34,0,1,1,0,0,0,0,1,0,0,0,0,1,0
1,3,36,1,33,0,3,1,2,2,28,2,1,1,1,0,0,0,1,0,0,1,0,0,0
0,2,10,1,13,0,2,1,2,1,23,2,1,1,0,0,0,0,1,0,0,1,0,0,1
0,0,24,0,28,2,3,2,4,0,22,1,1,1,1,0,0,0,1,0,0,1,0,0,1
0,3,24,4,45,0,3,2,2,0,74,2,1,1,1,0,0,0,1,0,0,1,0,0,0
1,1,36,1,27,1,3,1,4,3,50,2,1,1,0,0,0,0,0,1,0,0,0,0,1
0,3,18,1,21,0,2,2,1,0,33,2,1,1,0,0,0,0,1,0,0,1,0,0,1
0,3,15,1,13,4,5,2,4,3,45,0,1,2,0,0,0,1,1,0,0,0,0,0,1
1,0,12,1,7,1,1,1,3,1,22,2,1,1,0,0,0,0,1,0,0,1,0,0,1
1,2,10,1,12,1,5,1,4,3,48,2,1,2,0,0,1,0,1,0,0,0,0,1,0
0,0,21,1,34,3,2,1,2,2,29,0,1,1,0,0,0,0,1,0,0,1,0,0,1
0,0,24,0,36,0,3,1,4,2,22,0,1,1,0,1,0,1,0,0,1,0,0,0,1
1,3,18,3,18,0,4,1,1,0,22,2,1,1,0,0,0,0,1,0,0,1,0,0,1
0,1,48,2,122,4,3,2,2,2,48,0,1,1,1,0,0,0,1,0,0,1,0,0,0
0,1,60,3,92,4,3,2,2,3,27,2,1,1,0,0,0,0,1,0,0,0,0,0,0
0,0,6,4,37,0,3,2,3,0,37,2,3,2,0,0,1,0,1,0,1,0,0,0,1
1,1,30,1,34,1,3,1,4,2,21,2,1,1,0,0,0,0,0,1,1,0,0,0,1
0,3,12,1,6,0,3,0,2,0,49,2,1,1,0,0,1,0,1,0,0,1,0,1,0
0,1,21,4,37,0,4,2,3,1,27,2,2,1,0,0,0,0,1,0,0,1,0,0,1
1,3,18,4,15,0,3,2,2,1,32,0,2,1,0,0,1,0,1,0,0,1,0,0,1
1,3,48,1,39,4,3,0,2,0,38,0,1,1,0,0,0,0,1,0,0,1,0,0,1
0,0,12,1,19,0,2,1,1,2,22,2,1,1,0,0,0,0,1,0,1,0,0,0,1
1,0,18,1,26,0,3,2,4,3,65,2,2,1,0,0,0,0,1,0,0,0,0,0,1
0,3,15,1,20,4,5,2,2,2,35,2,1,1,0,0,0,0,1,0,0,1,0,0,1
0,2,6,1,21,0,3,2,2,0,41,2,1,1,1,0,0,0,1,0,0,1,0,0,1
1,1,9,0,14,1,4,2,3,3,29,2,1,1,0,0,1,0,1,0,0,1,0,0,1
0,3,42,4,40,2,3,2,4,0,36,2,2,1,1,0,0,0,1,0,0,1,0,0,1
0,3,9,1,38,4,5,2,4,0,64,2,1,1,0,0,0,0,1,0,0,1,0,1,0
0,0,24,1,37,0,3,1,4,2,28,2,1,1,0,0,0,0,1,0,0,1,0,0,1
1,0,18,0,16,0,3,2,3,2,44,0,1,1,0,0,0,0,1,0,0,1,0,0,1
0,1,15,1,14,4,2,2,1,1,23,2,1,1,0,0,0,0,1,0,0,1,0,0,1
1,3,9,1,20,0,2,1,2,2,19,2,2,1,0,0,0,0,0,1,1,0,0,0,1
1,1,24,1,14,0,2,1,4,2,25,2,1,1,1,0,1,0,1,0,0,1,0,1,0
0,3,12,1,14,0,5,2,4,1,47,0,3,2,1,0,0,0,1,0,0,1,0,0,1
0,3,24,1,14,2,4,1,1,2,28,2,1,1,0,0,0,0,1,0,0,1,0,0,1
0,3,60,3,157,0,4,2,4,2,21,2,2,1,1,0,0,0,1,0,0,1,0,0,1
0,3,12,1,15,0,2,1,3,2,34,2,1,2,0,0,0,0,1,0,0,1,0,0,1
1,0,42,3,44,0,4,2,2,1,26,0,2,2,1,0,0,0,1,0,0,1,0,0,1
1,0,18,1,8,0,1,1,1,0,27,2,1,1,0,0,0,0,1,0,0,1,1,0,0
0,1,15,1,13,0,5,2,4,2,38,2,2,1,0,0,0,0,1,0,0,1,0,1,0
1,3,15,1,46,1,3,2,2,1,40,2,1,1,1,0,0,0,1,0,0,1,0,0,0
0,3,24,4,19,0,4,3,2,2,33,2,2,1,1,0,0,0,0,0,0,1,0,0,1
0,0,18,4,19,0,4,3,1,1,32,2,2,1,1,0,0,0,1,0,0,1,0,0,0
1,3,36,3,80,4,2,2,4,2,27,2,2,1,1,0,0,0,1,0,1,0,0,0,1
0,0,30,2,46,0,3,0,2,0,32,2,2,1,0,0,0,0,0,0,0,1,0,0,1
1,3,12,1,14,2,3,1,2,1,26,2,1,1,0,0,1,0,1,0,0,1,0,0,1
1,2,24,1,9,0,4,2,3,3,38,0,1,2,0,0,1,0,1,0,0,0,0,0,1
1,0,12,1,7,0,3,2,4,2,40,2,1,2,0,0,0,0,1,0,1,0,0,1,0
0,0,48,1,75,0,4,2,1,3,50,2,1,1,1,0,0,0,1,0,0,0,0,0,0
1,1,12,1,19,0,3,2,2,1,37,2,1,1,0,0,0,0,1,0,0,1,0,1,0
1,0,24,1,23,0,5,2,1,0,45,2,1,1,0,0,1,0,0,1,0,1,0,0,1
1,1,36,3,81,1,5,2,4,2,42,2,4,1,1,0,1,0,1,0,0,1,0,0,0
0,3,24,4,23,0,4,2,3,2,35,2,2,1,1,0,0,1,1,0,0,1,0,0,1
0,0,14,1,40,0,1,2,4,3,22,2,1,1,0,0,1,0,1,0,0,0,0,0,1
1,1,12,1,9,0,5,2,4,2,41,0,1,2,0,0,1,0,1,0,0,1,0,1,0
0,3,48,1,102,4,4,2,3,2,37,1,1,1,1,0,0,0,1,0,0,1,0,0,1
0,1,30,2,42,0,3,1,1,2,28,2,2,1,0,0,0,0,1,0,0,1,0,0,1
0,1,18,4,64,0,5,2,1,3,41,2,1,1,1,0,0,0,1,0,0,1,0,0,1
0,2,12,1,13,0,3,3,4,0,23,2,1,1,0,0,0,0,1,0,1,0,0,0,1
1,0,12,1,9,4,3,3,2,2,23,2,1,1,0,0,1,0,1,0,0,1,0,0,1
0,3,21,1,22,0,5,2,2,0,50,2,2,1,0,0,0,0,1,0,0,1,0,0,1
0,1,6,3,10,0,1,2,1,1,35,1,2,1,1,0,0,0,1,0,0,1,0,0,0
0,2,6,4,10,0,3,1,4,1,50,2,1,1,0,0,0,0,1,0,0,1,0,1,0
0,3,24,4,63,0,1,2,2,3,27,0,2,1,1,0,0,0,0,1,0,1,0,0,0
0,1,30,0,35,3,3,2,2,2,34,1,1,2,1,0,0,0,1,0,0,1,0,0,1
0,3,48,0,36,0,3,1,1,0,27,1,1,1,0,0,0,0,1,0,0,1,0,0,1
1,0,12,4,48,0,5,2,4,1,43,2,2,1,1,0,1,0,0,1,1,0,0,0,1
0,2,30,4,30,0,5,2,4,1,47,2,1,1,0,0,0,0,1,0,0,1,0,0,1
0,3,24,4,41,1,3,2,3,1,27,2,2,1,1,0,0,0,1,0,0,1,0,1,0
0,3,36,1,57,1,4,2,2,2,31,2,2,1,1,0,0,0,1,0,0,1,0,0,1
0,3,60,1,104,0,5,2,4,1,42,2,1,1,1,0,1,0,1,0,0,1,0,0,0
0,3,6,4,21,2,3,3,2,2,24,2,1,1,0,0,1,0,1,0,0,1,0,0,1
1,3,21,3,26,2,2,2,2,0,41,0,1,2,0,0,0,0,1,0,0,1,0,1,0
0,3,30,4,45,0,4,1,4,2,26,2,1,1,1,0,0,0,1,0,1,0,0,0,0
0,3,24,4,52,0,5,2,4,2,33,2,1,1,1,0,0,0,1,0,0,1,0,0,1
1,1,72,1,56,1,3,3,2,2,24,2,1,1,0,0,0,0,1,0,0,1,0,0,1
0,0,24,1,24,0,5,2,4,0,64,0,1,1,0,0,0,0,1,0,1,0,0,1,0
0,3,18,1,15,0,2,1,1,0,26,2,1,1,0,0,0,0,1,0,0,1,0,0,1
0,3,6,1,15,0,2,1,2,3,56,2,1,1,0,0,0,0,1,0,0,1,0,0,1
0,3,12,1,23,4,3,2,4,3,37,2,1,1,1,0,0,0,1,0,0,0,0,0,1
0,3,15,3,15,0,3,3,3,0,33,0,2,1,0,0,0,0,1,0,0,1,0,0,1
0,3,24,4,51,0,2,3,3,3,47,2,3,1,1,0,0,0,1,0,0,0,0,0,1
0,1,36,3,99,1,4,2,3,1,31,2,2,2,1,0,0,0,1,0,0,1,0,1,0
0,3,60,1,65,4,3,2,4,3,34,2,1,2,1,0,1,0,1,0,0,0,0,0,1
0,2,10,4,13,4,4,2,2,1,27,2,2,1,1,0,0,0,1,0,0,1,0,0,1
0,1,36,3,29,1,5,2,3,3,30,2,1,1,0,0,1,0,1,0,0,0,0,0,1
0,3,9,1,28,1,5,2,4,2,35,2,1,1,1,0,0,0,0,1,0,1,0,0,1
0,0,12,1,37,3,3,2,3,1,31,2,1,2,0,0,1,0,1,0,0,1,0,0,1
0,0,15,4,10,0,3,0,3,1,25,2,2,1,0,0,0,0,1,0,0,1,0,0,1
0,1,15,1,26,1,3,1,2,0,25,2,1,1,0,0,0,0,1,0,0,1,0,1,0
0,1,24,1,29,1,2,2,1,2,29,2,1,1,0,0,0,0,1,0,0,1,0,0,1
0,0,6,4,47,4,2,2,3,0,44,2,2,2,0,0,1,0,1,0,0,1,0,1,0
0,3,24,1,23,0,4,2,2,2,28,2,1,1,1,0,0,0,1,0,0,1,0,0,1
0,3,6,1,12,2,3,2,4,1,50,2,1,1,0,0,0,1,1,0,1,0,0,0,1
0,1,12,1,11,0,4,2,3,0,29,2,2,1,0,1,0,0,0,0,0,1,0,0,1
0,3,12,4,9,0,1,1,2,1,38,2,1,1,0,0,1,0,1,0,0,1,1,0,0
0,3,18,4,18,0,3,2,2,2,24,2,2,1,0,0,0,0,1,0,0,1,0,0,1
0,2,15,1,19,0,5,2,4,2,40,2,1,1,1,0,0,0,1,0,1,0,0,0,0
1,3,12,1,11,2,3,1,4,2,29,2,1,1,0,0,0,0,1,0,1,0,0,1,0
1,0,48,4,63,0,5,2,4,3,46,2,2,1,1,0,0,1,1,0,0,0,0,0,1
0,2,24,1,14,1,5,1,2,3,47,2,1,1,1,0,0,0,1,0,0,0,0,0,1
0,1,30,3,25,1,5,2,2,1,41,1,2,1,0,0,0,0,1,0,0,1,0,0,1
0,1,27,1,25,0,2,1,1,1,32,2,1,2,1,0,0,0,1,0,0,1,0,0,1
0,3,15,1,53,2,5,1,4,3,35,2,1,1,0,0,1,0,1,0,0,0,0,0,1
1,1,48,1,66,1,4,2,2,1,24,2,1,1,0,0,1,0,1,0,0,1,0,0,1
1,1,12,2,30,0,2,1,3,1,25,2,2,1,0,0,0,0,1,0,1,0,0,0,1
0,1,9,1,12,0,5,1,4,0,25,2,1,1,0,0,0,0,1,0,0,1,0,0,1
0,1,9,1,21,0,3,2,2,0,37,2,1,2,0,0,0,0,1,0,0,1,0,1,0
0,3,18,4,6,2,5,2,3,1,32,0,2,1,1,0,0,0,1,0,0,1,0,0,0
1,0,6,0,12,0,5,1,4,3,35,2,1,1,0,0,0,0,1,0,0,0,0,0,1
0,3,21,1,25,4,5,2,4,0,46,2,1,1,1,0,0,1,1,0,0,1,0,0,0
0,0,9,4,11,0,3,2,4,0,25,2,2,1,0,0,0,0,1,0,0,1,0,1,0
1,1,60,1,140,0,4,2,2,3,27,2,1,1,1,0,1,0,1,0,0,1,0,0,0
0,3,30,4,76,4,5,2,4,2,63,2,2,1,0,0,0,1,1,0,0,1,0,0,1
0,3,30,4,31,4,5,2,2,2,40,2,2,2,1,0,0,0,1,0,0,1,0,0,1
0,3,18,1,15,0,3,2,2,3,32,2,1,1,1,0,0,0,1,0,0,0,0,0,0
0,2,24,4,31,4,3,2,2,2,31,2,2,1,1,0,0,0,1,0,0,1,0,0,1
0,1,20,2,61,1,5,3,4,2,31,0,2,1,1,0,0,1,1,0,0,1,0,0,1
1,2,9,2,13,0,2,2,2,2,34,2,2,1,1,0,0,0,1,0,0,1,0,0,0
1,1,6,0,4,3,2,1,2,1,24,0,1,2,0,0,0,0,1,0,1,0,0,0,1
1,0,12,1,12,0,3,1,2,0,24,2,1,1,0,0,1,0,1,0,0,1,0,1,0
0,1,9,1,8,2,3,1,3,0,66,2,1,1,0,0,0,0,1,0,0,1,0,1,0
1,3,27,1,26,0,3,1,3,0,21,2,1,1,0,0,1,0,1,0,1,0,0,0,1
0,3,6,4,2,3,3,1,2,0,41,0,2,1,0,0,1,0,1,0,0,1,0,1,0
0,3,15,4,13,2,3,3,2,1,47,2,2,1,0,0,0,0,1,0,0,1,0,1,0
1,0,18,1,19,0,3,1,4,2,25,0,2,1,0,0,0,0,1,0,1,0,0,0,1
1,1,48,0,64,0,5,1,3,3,59,2,1,1,0,0,0,0,1,0,1,0,0,0,1
0,2,24,4,13,3,3,0,4,0,36,2,2,1,1,0,0,0,1,0,0,1,0,0,1
0,1,24,3,64,0,2,2,2,2,33,2,1,1,0,0,0,0,1,0,0,1,0,0,1
1,0,24,1,20,0,3,2,4,0,21,2,1,2,0,0,0,0,1,0,1,0,0,1,0
0,1,8,1,8,0,4,1,2,0,44,2,1,1,0,0,0,0,0,0,0,1,0,1,0
0,3,24,1,26,3,3,1,4,2,28,2,1,1,1,0,0,1,1,0,1,0,0,0,1
0,3,4,4,34,0,4,1,1,0,37,2,1,2,0,0,1,0,1,0,0,1,0,0,1
0,1,36,0,40,4,2,1,2,3,29,0,1,1,0,0,0,0,1,0,0,1,1,0,0
1,1,24,1,116,0,3,1,4,2,23,2,2,1,0,0,0,1,1,0,1,0,0,0,0
0,0,18,1,44,1,3,2,4,2,35,2,1,2,1,0,1,0,1,0,0,1,0,1,0
0,3,6,4,68,0,4,2,3,3,45,2,2,2,1,0,1,0,1,0,0,1,0,0,0
1,1,30,2,43,1,3,1,4,2,26,2,2,1,0,0,0,0,1,0,1,0,0,1,0
0,0,24,0,23,1,4,2,3,2,32,0,1,1,0,0,1,0,1,0,0,1,0,0,1
0,1,10,0,10,0,3,2,4,0,23,1,1,1,0,0,0,0,1,0,0,1,0,1,0
0,3,21,1,32,4,5,2,3,1,41,2,1,1,1,0,0,0,1,0,0,1,0,0,1
0,0,24,0,25,2,3,2,4,0,22,1,1,1,1,0,0,0,1,0,0,1,0,0,1
0,0,39,4,142,4,4,2,4,1,30,2,2,1,1,0,0,0,1,0,0,1,0,0,0
0,0,13,4,18,0,2,2,1,1,28,0,2,1,0,0,0,0,1,0,0,1,0,1,0
0,0,15,1,25,0,1,1,4,2,23,2,1,1,0,0,1,0,1,0,1,0,0,0,1
1,0,12,1,13,0,2,1,1,0,37,2,1,1,0,0,1,0,1,0,0,1,0,1,0
0,3,21,1,52,4,3,2,3,2,26,2,1,1,0,0,0,1,1,0,0,1,0,0,1
0,3,15,1,30,0,4,2,2,2,33,2,1,1,0,0,0,1,1,0,0,1,0,0,1
0,0,6,1,4,0,5,1,1,1,49,0,1,1,1,0,0,0,1,0,0,1,0,0,1
1,0,18,1,10,0,2,1,2,2,23,2,1,1,0,0,1,0,1,0,0,1,0,1,0
0,1,12,1,8,1,4,1,4,0,23,2,1,1,0,0,0,0,1,0,1,0,0,1,0
0,3,30,4,58,0,4,1,2,2,25,2,2,1,0,0,0,0,1,0,0,1,0,0,1
1,3,12,3,16,3,5,2,4,3,55,2,2,2,0,0,0,0,1,0,0,0,0,0,1
1,0,24,1,13,4,4,1,4,3,32,2,1,1,0,0,1,0,1,0,1,0,0,0,1
0,2,6,4,13,0,3,2,1,0,74,2,3,2,0,1,1,0,1,0,0,1,1,0,0
1,2,15,4,13,4,3,2,4,3,39,2,2,1,1,0,0,0,1,0,0,0,0,0,1
0,3,24,1,14,0,3,2,2,0,31,2,1,1,1,0,1,0,0,0,0,1,0,0,1
1,0,12,4,7,0,5,2,3,1,35,2,2,1,0,0,1,0,1,0,0,1,0,0,1
0,3,15,4,50,4,5,1,4,2,59,2,1,1,1,0,1,0,1,0,0,1,0,0,1
1,0,18,4,21,0,3,1,4,0,24,2,2,1,0,0,0,0,1,0,1,0,0,0,1
0,0,12,1,22,0,3,2,3,1,24,2,1,1,0,0,0,0,1,0,0,1,0,1,0
1,3,21,4,127,4,5,2,4,3,30,2,1,1,1,0,1,0,1,0,0,0,0,0,0
0,3,24,4,25,1,4,3,3,1,27,2,2,1,1,0,1,0,1,0,0,1,0,0,1
0,1,12,1,12,0,5,3,3,0,40,0,2,1,0,0,0,0,0,0,0,1,0,1,0
1,0,30,1,31,0,2,0,4,1,31,2,1,1,0,0,0,0,1,0,0,1,0,1,0
0,3,10,1,29,4,2,1,4,0,31,2,1,1,0,0,0,1,1,0,1,0,0,0,1
0,1,12,4,36,0,5,2,4,2,28,2,3,1,1,0,0,0,1,0,1,0,0,0,1
0,3,12,4,17,0,5,2,4,0,63,2,2,1,1,0,0,0,1,0,0,1,0,1,0
0,0,24,1,28,4,5,1,4,0,26,2,1,1,0,0,0,1,1,0,1,0,0,0,1
1,0,36,4,81,0,3,1,2,3,25,2,2,1,1,0,0,0,1,0,0,1,0,0,0
0,3,21,4,33,0,5,2,4,2,36,2,1,1,1,0,0,1,1,0,0,1,0,0,0
0,3,24,4,22,1,5,2,4,1,52,0,2,1,0,0,0,0,1,0,0,1,0,0,1
0,2,12,4,15,2,1,2,4,3,66,0,3,1,0,0,1,0,1,0,0,0,1,0,0
1,0,24,1,14,4,3,1,4,0,25,2,1,1,0,0,1,0,1,0,1,0,0,0,1
0,3,36,4,35,0,4,2,4,2,37,2,2,1,1,0,1,0,1,0,0,1,0,0,1
0,0,18,1,35,0,4,1,1,0,25,2,1,1,0,0,0,0,0,0,0,1,0,0,1
0,3,36,4,57,3,5,2,2,2,38,2,2,1,1,0,0,1,1,0,0,1,0,0,0
0,1,18,1,39,0,1,1,4,2,67,2,1,1,1,0,0,0,1,0,0,1,0,0,1
1,1,39,4,49,0,4,2,2,0,25,2,2,1,0,0,0,0,0,0,0,1,0,0,1
0,3,24,4,19,3,5,2,4,0,60,2,1,1,1,0,1,0,1,0,0,1,0,0,1
0,1,12,2,14,0,3,2,2,0,31,2,1,1,1,0,0,0,1,0,0,1,0,1,0
1,1,12,1,8,1,2,1,2,1,23,0,1,1,0,0,1,0,1,0,0,1,0,1,0
0,1,20,1,65,4,1,0,4,0,60,2,1,1,1,0,0,1,1,0,0,1,0,0,0
0,1,18,1,19,3,3,2,2,1,35,2,1,1,1,0,0,0,1,0,0,1,0,1,0
0,3,22,1,27,2,5,2,4,2,40,2,1,1,0,0,0,0,1,0,0,1,0,0,1
0,3,48,4,28,4,5,2,3,2,38,2,2,2,1,0,0,1,1,0,0,1,0,0,1
1,1,48,3,62,0,5,2,4,3,50,2,1,1,0,0,0,0,1,0,0,0,0,0,1
1,0,40,4,60,0,3,2,3,3,27,0,1,1,1,0,0,0,1,0,0,1,0,0,1
1,1,21,1,12,0,5,1,4,1,39,2,1,2,0,0,0,0,1,0,0,1,0,0,1
0,3,24,1,63,4,5,2,4,2,41,2,1,2,1,0,0,1,1,0,0,1,0,0,0
0,3,6,4,12,4,3,3,2,1,27,2,2,1,0,0,0,0,1,0,0,1,0,0,1
0,2,24,1,29,0,5,0,4,3,51,2,1,1,0,0,0,0,1,0,0,0,0,0,1
0,3,24,1,31,2,5,2,3,3,32,2,1,1,1,0,0,0,1,0,1,0,0,0,1
0,3,9,1,23,1,2,1,4,1,22,2,1,1,0,0,0,0,1,0,1,0,0,0,1
1,0,18,1,75,4,5,2,4,1,51,2,1,2,1,0,0,1,1,0,0,0,0,0,1
0,3,12,4,13,0,2,1,4,1,22,2,2,1,0,0,0,0,1,0,1,0,0,1,0
0,3,24,3,7,4,5,3,4,2,54,2,2,1,1,0,1,0,1,0,0,1,0,0,1
0,1,9,1,15,4,2,2,2,0,35,2,1,1,0,0,1,0,1,0,0,1,1,0,0
0,3,24,4,16,0,5,2,4,3,54,2,2,2,0,0,0,0,1,0,0,0,0,0,1
0,1,18,4,18,0,5,1,4,0,48,0,2,1,1,0,0,0,0,0,1,0,0,1,0
0,0,20,4,43,0,5,1,4,1,24,2,2,1,0,0,0,0,1,0,0,1,0,0,1
0,3,12,4,10,4,5,2,4,2,35,2,2,1,0,0,0,0,1,0,0,1,0,0,1
0,1,12,1,75,4,1,1,2,0,24,2,1,1,0,0,1,0,1,0,1,0,1,0,0
1,0,36,1,93,0,4,2,1,2,24,2,1,1,1,0,1,0,1,0,0,1,0,0,1
0,1,6,1,6,0,2,3,3,0,26,2,1,1,0,1,0,0,1,0,0,1,0,1,0
0,3,12,4,9,4,5,2,4,0,65,2,4,1,0,0,0,0,1,0,0,1,0,0,1
0,1,42,0,93,0,1,2,2,3,55,0,1,1,1,0,0,1,1,0,0,0,0,0,0
1,1,15,2,18,0,2,1,1,0,26,2,2,1,0,0,1,0,1,0,1,0,1,0,0
0,1,8,1,9,0,2,3,2,0,26,2,1,1,1,0,0,0,1,0,0,1,0,0,1
0,1,6,1,5,0,4,3,3,0,28,0,1,1,0,0,0,0,0,0,0,1,0,1,0
1,0,36,4,96,0,4,2,4,2,24,2,2,1,1,0,0,1,1,0,0,1,0,0,1
1,0,48,1,31,0,3,2,4,2,54,2,1,1,0,0,0,0,1,0,0,1,0,0,1
1,0,48,1,39,0,4,2,4,3,46,2,1,2,0,0,1,0,1,0,0,0,0,0,1
0,1,36,3,74,0,3,1,2,1,54,2,1,1,0,0,1,0,1,0,1,0,0,0,1
0,3,6,1,13,2,3,0,4,0,62,2,1,1,0,0,0,0,1,0,0,1,0,0,1
0,3,6,4,16,0,4,1,2,2,24,2,2,1,1,0,0,0,1,0,1,0,0,0,1
0,0,36,1,159,0,1,0,3,2,43,2,1,1,0,0,0,0,0,1,0,1,0,0,0
1,0,18,1,13,0,3,3,3,0,26,0,1,1,0,0,0,0,1,0,0,1,0,0,1
0,3,12,1,11,0,3,3,2,0,27,2,2,1,1,0,1,0,1,0,0,1,0,0,1
0,2,12,1,30,0,3,3,1,2,24,2,1,1,0,0,0,0,1,0,0,1,0,0,1
1,0,36,1,27,0,5,2,2,1,41,0,1,2,0,0,0,0,1,0,0,1,0,0,1
0,0,8,4,7,0,5,2,4,0,47,2,2,1,0,0,1,0,1,0,0,1,0,1,0
0,3,18,4,38,0,2,0,2,2,35,2,2,1,1,0,0,0,1,0,0,1,0,0,0
0,0,21,4,16,0,5,3,3,2,30,2,2,1,1,0,1,0,1,0,0,1,0,0,1
1,0,18,4,40,0,5,1,4,0,33,0,3,1,1,0,1,0,1,0,1,0,0,0,1
1,3,18,2,42,0,3,2,2,2,36,1,2,2,0,0,0,0,1,0,0,1,0,0,1
1,0,36,1,83,4,5,2,4,3,47,2,1,1,0,0,0,1,1,0,0,0,0,0,1
0,1,48,3,67,4,3,2,4,3,38,2,1,2,1,0,0,0,1,0,0,0,0,0,1
0,3,24,3,24,2,3,2,2,2,44,2,2,2,1,0,0,0,1,0,0,1,0,0,1
1,0,18,1,12,0,2,1,3,2,23,2,1,1,1,0,1,0,1,0,1,0,0,0,1
1,0,45,2,118,0,5,2,4,2,29,2,2,1,0,0,0,0,1,0,1,0,0,0,1
0,1,24,1,51,4,5,1,4,2,42,2,1,1,1,0,0,0,1,0,0,1,0,0,1
1,2,15,1,23,0,2,1,3,0,25,2,1,1,0,0,0,0,1,0,0,1,0,1,0
1,0,12,2,11,0,3,2,4,2,48,0,2,1,0,0,1,0,1,0,0,1,0,0,1
0,3,12,1,9,4,3,1,2,2,21,2,1,1,0,0,0,0,1,0,0,1,0,0,1
0,3,4,1,6,0,2,1,3,0,23,2,1,2,0,0,0,0,1,0,1,0,0,1,0
0,0,24,4,30,0,5,2,4,1,63,2,2,1,1,0,0,1,1,0,0,1,0,0,1
0,3,24,4,26,0,5,3,3,0,46,2,2,1,0,0,0,0,0,1,0,1,0,0,1
1,0,36,1,52,0,4,2,2,1,29,2,1,1,0,0,0,0,1,0,0,1,0,0,1
0,3,21,3,30,0,3,2,2,0,28,1,2,1,0,0,0,1,1,0,0,1,0,1,0
1,3,18,1,19,0,2,1,4,0,23,2,1,1,0,0,0,0,1,0,0,1,0,0,1
0,3,24,0,16,0,4,2,4,2,50,0,1,1,1,0,0,0,1,0,0,1,0,0,1
0,3,18,1,34,0,5,2,4,1,47,0,3,2,1,0,0,0,1,0,0,1,0,0,1
0,1,21,1,40,4,4,2,3,2,35,2,1,1,1,0,0,0,1,0,0,1,0,0,1
1,3,18,1,68,4,3,2,4,2,68,2,2,1,0,0,1,0,1,0,1,0,0,0,1
0,3,24,1,12,0,2,3,2,0,28,2,1,1,0,0,1,0,1,0,0,1,0,0,1
0,0,9,1,14,0,4,2,4,0,59,2,1,1,0,0,0,0,1,0,0,1,0,0,1
1,0,12,1,7,0,5,2,4,0,57,1,1,1,0,0,0,0,1,0,0,1,0,1,0
1,0,20,4,22,0,3,3,2,1,33,0,2,1,0,1,1,0,0,0,1,0,0,0,1
0,3,24,4,40,4,4,2,4,1,43,2,2,1,1,0,0,1,1,0,0,1,0,0,1
0,3,15,4,15,0,3,2,4,3,35,2,2,1,1,0,0,0,1,0,0,0,0,0,1
1,0,18,0,14,0,4,2,4,3,32,2,2,2,0,0,1,0,1,0,0,0,0,1,0
0,3,36,3,109,0,5,2,2,2,45,2,2,2,1,0,1,0,1,0,0,1,0,0,1
0,3,24,1,15,1,2,3,3,0,33,2,1,1,1,0,1,0,1,0,0,1,0,0,1
0,3,10,1,9,4,4,1,3,1,40,2,1,1,1,0,0,0,1,0,0,1,0,0,1
0,3,15,4,33,0,3,2,2,3,28,2,1,1,1,0,0,0,1,0,0,0,0,0,1
1,0,15,1,40,0,3,1,2,1,29,2,1,1,1,0,1,0,1,0,0,1,0,0,1
0,3,9,1,36,1,3,2,2,0,26,2,1,2,0,1,1,0,0,0,1,0,0,0,1
0,3,24,4,58,3,3,2,2,0,27,2,2,1,0,0,0,1,1,0,0,1,0,0,1
1,3,18,3,22,0,3,3,2,2,28,2,1,1,1,0,0,0,1,0,0,1,0,0,1
1,0,24,1,24,0,2,1,4,0,35,2,1,1,1,0,0,0,1,0,0,1,0,0,1
0,3,27,4,45,3,2,2,2,0,32,1,2,2,1,0,0,0,1,0,0,1,0,1,0
1,3,10,1,22,0,3,2,2,0,25,0,1,1,0,0,0,0,1,0,1,0,0,1,0
0,3,15,1,22,2,3,1,4,2,20,2,1,1,0,0,0,0,1,0,1,0,0,0,1
0,0,18,1,24,0,2,1,1,2,27,1,1,1,0,0,0,0,1,0,0,1,0,0,1
0,3,12,4,33,0,5,2,4,1,42,1,1,1,0,0,0,0,1,0,0,1,0,0,1
0,3,36,1,74,4,5,2,2,1,37,2,2,1,0,0,0,0,1,0,0,1,0,0,1
0,0,12,1,7,0,5,1,4,1,24,2,1,1,0,0,0,0,1,0,1,0,0,0,1
0,3,36,3,77,2,4,1,4,2,40,2,2,1,1,0,0,0,1,0,0,1,0,0,1
0,2,6,4,13,0,5,2,4,0,46,2,2,2,0,1,1,0,1,0,0,1,0,0,1
0,0,24,4,14,1,4,2,1,0,26,2,2,1,1,0,0,0,1,0,0,1,0,0,1
0,3,15,1,9,4,2,1,1,0,24,2,1,1,0,0,0,0,1,0,0,1,0,0,1
0,0,12,1,36,0,3,2,2,1,29,2,1,2,0,0,0,0,0,1,0,1,0,1,0
0,1,11,4,13,3,3,1,4,2,40,2,2,1,0,0,1,0,1,0,0,1,0,0,1
0,0,18,0,19,0,2,2,4,3,36,0,1,1,1,0,0,0,0,1,0,0,0,0,0
0,3,36,1,36,0,5,2,2,2,28,2,1,1,0,0,0,0,1,0,0,1,0,0,1
1,0,9,1,14,0,2,2,2,3,27,2,1,1,1,0,1,0,1,0,0,0,0,0,0
0,3,30,4,67,4,4,2,3,1,36,2,2,1,0,0,0,0,1,0,0,1,0,0,1
0,3,24,1,78,0,4,2,3,2,38,2,1,1,1,0,0,1,1,0,0,1,0,0,0
0,3,24,1,93,4,3,0,4,3,48,2,1,1,1,0,0,1,1,0,0,0,0,0,1
0,1,30,4,22,4,5,2,4,0,36,2,2,1,0,0,1,0,1,0,0,1,0,0,1
0,3,18,4,11,0,1,1,4,2,65,2,2,1,0,0,0,0,1,0,0,1,1,0,0
1,1,24,1,41,0,4,0,3,2,43,2,1,1,1,0,0,0,1,0,0,1,0,0,1
1,0,12,1,8,0,2,1,4,1,53,2,1,1,0,0,0,0,1,0,0,1,0,0,1
0,1,24,4,28,4,4,2,3,3,34,2,2,2,1,0,0,0,1,0,0,1,0,0,1
1,1,48,1,157,0,3,2,2,2,23,2,1,1,1,0,0,0,1,0,0,1,0,0,1
0,3,36,4,66,0,5,2,4,2,34,2,2,1,1,0,1,0,1,0,0,1,0,0,0
0,3,28,0,78,4,2,2,4,0,40,0,2,2,1,0,0,1,0,0,1,0,0,0,1
0,0,27,4,24,0,5,2,4,2,43,1,4,2,1,0,0,0,1,0,0,1,0,0,0
0,3,15,4,18,0,5,2,4,2,46,2,2,1,1,0,0,0,1,0,0,1,0,0,1
0,0,12,4,22,0,3,2,4,1,38,0,2,1,0,1,1,0,1,0,0,1,0,1,0
0,1,36,4,58,0,3,2,4,2,34,2,2,1,1,0,0,1,1,0,0,1,0,0,1
0,3,18,4,12,4,3,2,3,1,29,2,2,1,1,0,0,0,1,0,0,1,0,0,1
0,3,36,3,89,4,4,2,2,2,31,1,1,2,1,0,0,1,1,0,0,1,0,0,0
0,0,21,1,26,0,2,1,4,1,28,2,1,1,1,0,0,0,1,0,1,0,0,0,0
0,3,12,4,16,3,4,1,2,1,35,2,1,1,0,1,0,0,1,0,0,1,0,0,1
0,3,15,1,22,4,4,1,4,0,33,0,1,1,0,0,0,0,1,0,1,0,0,1,0
1,0,18,1,42,0,3,2,3,2,42,2,1,1,0,0,0,0,0,1,0,1,0,0,1
1,0,16,4,26,0,5,2,4,1,43,0,1,1,1,0,1,0,0,0,1,0,0,0,1
0,3,20,4,35,4,2,0,4,0,44,2,2,1,1,0,1,0,1,0,0,1,0,0,1
0,3,36,4,105,4,5,2,4,3,42,2,2,1,0,0,0,1,1,0,0,0,0,0,1
0,3,15,1,14,4,3,3,2,0,40,2,1,1,1,0,0,0,1,0,1,0,0,0,1
0,3,24,1,13,0,5,2,1,0,36,2,1,1,1,0,0,0,1,0,0,1,0,0,0
0,0,12,1,11,0,3,2,2,0,20,2,1,2,1,0,0,0,1,0,1,0,0,0,0
0,0,21,1,38,4,4,2,2,0,24,2,1,1,0,1,1,0,0,1,0,1,0,1,0
0,1,36,1,37,4,3,3,2,2,27,2,1,1,0,0,0,0,1,0,0,1,0,0,1
0,3,15,3,36,0,2,1,2,1,46,2,2,1,0,0,0,1,1,0,0,1,0,1,0
0,1,9,1,32,4,3,1,2,0,33,2,1,1,0,0,1,0,1,0,0,1,0,1,0
0,3,36,3,45,0,3,1,4,0,34,2,2,1,0,0,0,0,1,0,0,1,0,0,1
1,1,24,4,47,0,2,1,4,2,25,0,1,1,0,0,0,0,1,0,0,1,0,1,0
0,1,30,1,30,4,5,1,4,2,25,2,1,1,0,0,0,0,1,0,0,1,0,0,1
0,3,11,1,21,3,5,0,2,0,28,2,1,1,1,0,0,0,1,0,0,1,0,0,1
1,0,24,0,32,0,3,2,2,1,31,2,1,1,1,0,0,0,1,0,1,0,0,0,1
1,1,48,2,184,0,3,1,2,1,32,0,1,1,1,1,0,0,1,0,0,1,0,0,0
0,3,10,1,28,1,3,2,2,0,32,2,1,2,0,0,0,1,0,1,0,1,0,0,1
1,0,6,1,149,0,5,2,4,3,68,0,1,1,1,0,1,0,1,0,0,1,0,0,0
1,0,24,1,24,1,1,0,1,1,33,2,1,1,0,0,0,0,1,0,0,1,0,0,1
1,0,24,1,33,0,5,2,2,1,39,2,1,1,1,0,0,0,1,0,1,0,0,0,0
0,3,18,4,18,0,3,1,2,3,28,2,2,1,0,0,0,0,1,0,0,1,0,0,1
0,3,48,3,127,2,4,2,1,2,37,2,1,1,1,0,0,0,1,0,0,1,0,0,0
1,0,9,1,14,0,2,1,4,1,22,2,1,1,0,0,0,0,1,0,1,0,0,0,1
0,1,12,1,20,0,4,2,4,1,30,2,1,2,1,0,1,0,1,0,1,0,0,0,1
1,0,24,0,69,0,2,0,1,1,55,0,1,1,1,0,0,0,1,0,0,1,0,0,1
1,0,12,0,7,0,2,2,2,2,46,0,2,1,1,0,1,0,1,0,0,1,0,0,1
0,0,18,4,10,0,2,1,4,1,21,2,1,1,0,0,0,0,1,0,1,0,0,0,1
1,0,48,1,103,0,4,2,4,3,39,1,3,2,1,0,0,1,1,0,0,0,0,0,1
0,3,30,1,19,4,5,2,4,2,58,2,1,1,1,0,0,0,1,0,0,1,0,0,1
0,0,12,3,13,0,3,2,2,0,43,2,2,2,0,0,1,0,1,0,0,1,0,1,0
0,0,24,1,17,0,2,2,1,1,24,2,1,1,0,1,0,0,0,1,0,1,0,1,0
1,1,9,1,17,0,2,1,2,2,22,2,1,1,1,0,0,0,1,0,0,1,0,0,1
0,3,9,4,12,0,3,2,1,0,30,2,2,1,0,0,1,0,1,0,0,1,0,0,1
0,3,12,4,5,2,5,2,4,1,42,2,2,2,1,0,0,0,1,0,0,1,0,0,1
0,0,12,1,15,0,3,1,1,2,23,0,1,1,0,0,0,0,1,0,0,1,0,0,1
1,1,30,3,19,1,2,2,3,3,30,1,2,1,0,0,0,0,1,0,0,1,0,0,0
1,2,9,1,7,0,3,1,2,0,28,2,1,1,0,0,0,0,1,0,0,1,0,1,0
0,1,6,1,21,0,2,3,3,2,30,2,1,1,1,0,0,0,1,0,1,0,0,0,0
1,1,60,1,63,0,3,2,4,3,42,2,1,1,0,0,0,0,1,0,0,0,0,0,1
0,3,24,4,68,4,3,2,4,1,46,2,2,2,1,0,0,1,1,0,0,1,0,0,0
0,3,12,1,35,4,2,2,3,1,45,2,1,2,1,0,1,0,1,0,0,1,0,0,0
0,3,10,1,15,0,3,2,2,0,31,2,1,2,0,1,1,0,1,0,0,1,0,1,0
0,3,24,1,9,4,4,2,2,2,31,1,1,1,1,0,0,0,1,0,0,1,0,0,1
0,3,4,4,15,0,4,2,1,0,42,2,3,2,0,0,1,0,1,0,0,1,0,1,0
0,0,15,1,18,0,2,1,1,1,46,2,1,1,0,0,0,0,0,0,1,0,0,0,1
0,1,48,2,84,2,2,1,1,2,30,2,2,1,0,0,1,0,1,0,0,1,0,0,1
1,0,24,0,33,2,2,2,4,3,30,2,1,2,1,0,0,0,1,0,0,0,0,0,1
0,3,12,1,29,4,1,2,4,3,38,2,1,1,1,0,1,0,1,0,0,1,0,0,0
1,3,18,1,15,0,2,3,1,1,43,2,1,2,0,0,0,0,0,1,0,1,0,1,0
1,3,24,1,36,1,5,2,4,2,31,2,2,1,0,0,0,0,1,0,0,1,0,0,1
0,1,18,4,36,0,1,3,3,2,40,2,3,2,1,0,0,0,1,0,0,1,1,0,0
1,0,36,3,21,0,4,2,1,2,24,2,2,1,1,0,0,0,1,0,0,1,0,0,1
1,1,24,1,41,2,2,1,4,2,28,2,1,1,0,0,0,1,1,0,1,0,0,0,1
1,3,36,1,110,0,1,1,2,2,26,2,2,1,1,0,0,0,1,0,0,1,0,0,0
0,0,12,1,19,0,3,1,4,1,29,2,1,1,1,0,1,0,0,0,0,1,0,0,1
0,0,24,4,12,3,5,1,4,1,57,2,2,1,1,0,0,0,1,0,1,0,0,0,0
0,2,30,4,37,4,5,2,4,1,49,1,2,1,0,0,0,0,1,0,0,1,0,1,0
0,1,9,4,12,0,5,2,4,0,37,2,3,1,0,0,0,0,1,0,0,1,0,1,0
1,0,28,1,40,0,3,2,2,2,45,2,1,1,0,0,1,0,1,0,0,1,0,1,0
0,1,24,1,31,1,5,2,4,3,30,2,1,1,0,0,0,0,1,0,0,0,0,0,1
0,3,6,4,17,0,5,3,2,0,30,2,2,1,0,0,0,0,1,0,1,0,0,0,1
0,1,21,3,24,0,3,0,4,1,47,2,2,1,0,0,1,0,1,0,0,1,0,0,1
0,3,15,1,36,4,3,2,2,3,29,2,1,1,0,0,1,0,1,0,0,1,0,0,1
1,3,24,1,24,2,5,2,2,2,35,0,2,1,1,0,0,0,1,0,0,1,0,0,1
0,1,6,1,5,0,2,3,1,1,22,2,1,1,0,0,0,0,1,0,0,1,0,1,0
0,1,30,1,17,4,3,1,1,2,26,2,1,1,0,0,0,0,1,0,0,1,0,0,1
1,1,27,4,25,2,3,2,2,1,23,2,2,1,0,0,0,0,1,0,0,1,0,1,0
0,3,15,1,36,0,5,1,2,2,54,0,1,1,1,0,0,0,1,0,1,0,0,0,0
0,3,42,1,72,4,4,3,4,1,29,2,1,1,1,0,0,0,1,0,1,0,0,0,1
0,0,11,4,39,0,3,2,2,0,40,2,2,2,0,0,1,0,1,0,0,1,0,1,0
0,1,15,1,15,1,3,2,2,0,22,2,1,1,0,0,0,0,0,0,0,1,0,0,1
0,3,24,1,74,0,3,2,4,1,43,2,1,2,0,0,1,0,1,0,0,1,0,1,0
1,0,24,0,12,0,1,1,4,3,29,2,2,1,0,0,1,0,0,1,1,0,1,0,0
1,0,60,1,73,0,5,2,4,3,36,2,1,1,0,0,0,0,0,1,1,0,0,0,1
0,3,30,4,28,0,3,1,2,2,33,2,1,1,1,0,0,0,1,0,0,1,0,0,1
0,2,24,1,13,2,3,1,3,2,57,2,1,1,0,0,0,0,1,0,0,1,0,1,0
0,1,6,1,8,0,3,1,3,0,64,2,1,1,0,0,0,0,0,0,0,1,0,0,1
0,1,18,3,24,4,5,2,2,1,42,2,2,1,0,0,0,0,1,0,0,1,0,0,1
1,3,24,3,25,0,5,2,4,2,47,2,2,2,0,0,1,0,1,0,0,1,0,1,0
1,1,15,0,13,1,3,3,2,1,25,2,1,1,0,0,1,0,1,0,1,0,0,0,1
1,1,30,4,84,0,4,2,2,1,49,2,1,1,0,0,0,0,1,0,0,1,0,0,1
1,3,48,1,48,0,1,2,2,2,33,0,1,1,1,0,0,0,1,0,1,0,0,0,0
0,2,21,1,29,1,3,1,1,2,28,0,1,1,1,0,1,0,1,0,0,1,0,0,0
1,0,36,1,82,0,3,2,2,1,26,2,1,2,0,0,0,1,1,0,0,1,0,0,1
0,3,24,4,20,0,4,2,2,1,30,2,2,1,0,0,0,0,1,0,0,1,0,1,0
0,0,15,4,14,0,3,1,3,1,25,2,2,1,0,0,0,0,1,0,1,0,0,0,1
0,2,42,2,63,0,2,0,1,1,33,2,2,1,0,0,0,0,1,0,0,1,0,0,1
0,3,13,1,14,1,1,1,4,0,64,2,1,1,0,0,0,0,1,0,0,1,0,0,1
0,0,24,1,66,0,1,2,2,3,29,2,1,1,1,0,0,1,1,0,0,0,0,0,0
0,1,24,4,17,0,5,2,2,1,48,2,2,1,0,0,0,0,1,0,0,1,0,1,0
0,3,12,4,36,4,2,2,1,1,37,2,2,2,0,0,0,0,1,0,0,1,0,1,0
0,3,15,0,16,1,5,2,4,2,34,0,1,2,0,0,0,0,1,0,0,1,0,1,0
0,0,18,1,19,4,4,3,4,2,23,2,2,1,0,0,0,0,1,0,1,0,0,1,0
0,0,36,1,40,0,1,2,3,1,30,2,1,1,1,0,0,0,1,0,0,1,0,0,0
0,3,12,1,24,4,5,2,3,2,50,2,1,1,1,0,1,0,1,0,0,1,0,0,1
0,3,12,1,17,0,4,1,4,0,31,2,1,1,0,0,0,0,1,0,0,1,0,1,0
0,0,30,1,39,0,3,0,4,1,40,2,1,1,1,0,0,1,1,0,0,1,0,0,0
0,3,12,1,8,0,5,2,4,2,38,2,1,1,0,0,0,0,1,0,0,1,0,0,1
1,0,45,1,18,0,3,2,4,3,23,2,1,1,1,0,0,0,1,0,0,0,0,0,1
0,1,45,4,46,1,1,2,4,2,27,2,1,1,0,0,0,1,1,0,0,1,0,0,1
